LOC:INFO;LOC:NAME;LOC:CANTON;NS1:PLACEOFORIGINNAME;NS1:CANTONABBREVIATION;NS1:PLACEOFORIGINID;NS1:SUCCESSORID;NS1:HISTORYMUNICIPALITYID;NS1:VALIDFROM;NS1:VALIDTO;COMMENT;EDITOR
MANUAL;Damvant;JU;Damvant (Haute-Ajoie);JU;7119;;;01.03.2016;;"""@LOC:NAME"" ist der einzige in Frage kommende Ort in locations.csv";LK
MANUAL;Brunnen;SZ;Ingenbohl;SZ;1364;;12657;;;"""@LOC:NAME"" ist der einzige in Frage kommende Ort in locations.csv";LK
MANUAL;Tumegl/Tomils;GR;Tomils;GR;3642;3642;;;31.12.1942;Alter offizieller Name von Tumegl/Tomils;RK
MANUAL;Tumegl/Tomils;GR;Domleschg (Tomils);GR;7441;;;01.01.2018;;Ehemalige Gemeinde Tomils nach der Fusion zu Domleschg. Siehe 3671/Tomils für die Begründung, warum die Tokens zu Tumegl/Tomils gezählt werden;RK
MANUAL;Mühlethurnen;BE;Thurnen;BE;889;;16128;01.01.2020;;Es gibt in locations.csv 3 Orte zu Thurnen, Mühlethurnen ist mit Abstand der grösste.;LK
MANUAL;Tumegl/Tomils;GR;Tomils;GR;3671;3673;14953;01.01.2009;31.12.2014;Fusionierte Gemeinde aus Tumegl/Tomils, Feldis/Veulden, Scheid und Trans. Tokens mit diesem Heimatort können nicht genau lokalisert werden und werden Tumegl/Tomils als grösstem Ort der Gemeinde zugeschlagen;RK
MANUAL;Avry-sur-Matran;FR;Avry;FR;2174;;14143;01.01.2001;;In eCH-0135 verweist die ns1:successorId = 2174 auf Avry-sur-Matran;LK
MANUAL;Flumserberg Portels;SG;Flums-Kleinberg;SG;7881;;;;;In locations.csv gibt es 7 Orte zur Gemeinde Flums. 2 gehören zu Flums-Kleinberg, Portels scheint davon der grössere Ort zu sein (Google Maps, swisstopo-App);LK
MANUAL;Flumserberg Tannenheim;SG;Flums-Grossberg;SG;7880;;;;;In locations.csv gibt es 7 Orte zur Gemeinde Flums. 3 gehören zu Flums-Grossberg, Tannenheim scheint davon der grösste Ort zu sein (Google Maps, swisstopo-App);LK
MANUAL;Flums;SG;Flums-Dorf;SG;7879;;;;;In locations.csv gibt es 7 Orte zur Gemeinde Flums.Flums-Hochwiese und Flums gehören zu Flums-Dorf, Flums ist der Hauptort (Internetrecherche und swisstopo-App);LK
MANUAL;St-Cergue;VD;Saint-Cergue;VD;5727;;14613;;;In locations.csv gibt es noch den zugehörigen Ort La Cure, aber dieser erscheint nicht in eCH-0135. Nach Wikipedia und Google Maps scheint St-Cergue der Hauptort zu sein.;LK
MANUAL;Le Mouret;FR;Le Mouret (Praroman);FR;7246;;;01.01.2017;;;
MANUAL;Uors (Lumnezia);GR;Lumnezia (Uors);GR;7430;;;01.01.2018;;;
MANUAL;Boécourt;JU;Boécourt-Séprais;JU;7909;;;;;;
MANUAL;Môtiers NE;NE;Môtiers (Val-de-Travers);NE;7943;;;01.01.2013;;;
MANUAL;St. Antönien;GR;Luzein (St. Antönien-Ascharina);GR;7346;;;01.01.2018;;beide Orte erhalten;
MANUAL;Muri b. Bern;BE;Muri bei Bern;BE;356;;15034;;;;
MANUAL;La Croix-de-Rozon;GE;Bardonnex;GE;6605;;11692;;;;
MANUAL;Schänis;SG;Schänis-Rüttiberg;SG;7898;;;;;;
MANUAL;Marly;FR;Marly (Marly-le-Petit);FR;7240;;;01.01.2017;;;
MANUAL;Bassecourt;JU;Haute-Sorne;JU;6729;;15624;01.01.2013;;grösste Gemeinde;
MANUAL;Thierrens;VD;Montanaire;VD;5693;;15616;01.01.2013;;grösste Gemeinde;
MANUAL;Langenthal;BE;Schoren;BE;7850;;;;;"""Schoren ist eine Ortschaft der Gemeinde Langenthal im Verwaltungskreis Oberaargau des Kantons Bern in der Schweiz. Am 1. Januar 1898 wurde die ehemalige Gemeinde mit der Gemeinde Langenthal fusioniert und ist seither mit Langenthal zusammengewachsen.""";
MANUAL;Pont (Veveyse);FR;Le Flon (Pont);FR;7311;;;01.01.2017;;;
MANUAL;Romont FR;FR;Romont (FR) (Les Glânes);FR;7176;;;01.01.2017;;;
MANUAL;Wergenstein;GR;Muntogna da Schons (Casti-Wergenstein);GR;7546;;;01.01.2021;;;
MANUAL;Wilen b. Wil;TG;Wilen;TG;4786;;15462;01.01.1998;;;
MANUAL;Marly;FR;Marly (Marly-le-Grand);FR;7239;;;01.01.2017;;;
MANUAL;Bussy-Chardonney;VD;Hautemorges (Bussy-Chardonney, Bussy-sur-Morges);VD;7573;;;01.07.2021;;;
MANUAL;Obersaxen;GR;Obersaxen Mundaun (Mundaun);GR;7400;;;01.01.2018;;;
MANUAL;Matten b. Interlaken;BE;Matten bei Interlaken;BE;587;;15159;;;;
MANUAL;Collex;GE;Collex-Bossy;GE;6615;;11595;;;;
MANUAL;Süderen;BE;Wachseldorn;BE;946;;15343;;;;
MANUAL;Casaccia;GR;Bregaglia;GR;3792;;16052;01.01.2010;;grösste Gemeinde;
MANUAL;Ecublens FR;FR;Ecublens (FR) (Eschiens);FR;7173;;;01.01.2017;;;
MANUAL;Cossonay-Ville;VD;Cossonay;VD;5477;;14828;;;grösste Gemeinde;
MANUAL;Lossy;FR;La Sonnaz (Lossy-Formangueires);FR;7256;;;01.01.2017;;Lossy Formanguelres besteht aus zwei Gemeinden, die Einwohnerzahlen sind gering, weswegen die erste Gemeinde ausgewählt wurde;
MANUAL;Bellerive VD;VD;Vully-les-Lacs;VD;5464;;15488;01.07.2011;;grösste Gemeinde;
MANUAL;Glovelier;JU;Glovelier (Haute-Sorne);JU;7124;;;01.03.2016;;;
MANUAL;Münster VS;VS;Goms;VS;6077;;16075;01.01.2017;;Hauptort und meisten Einwohner;
MANUAL;Poliez-le-Grand;VD;Montilliez;VD;5540;;15489;01.07.2011;;grösste Gemeinde;
MANUAL;Oberriet SG;SG;Oberriet-Eichenwies;SG;7871;;;;;;
MANUAL;Valendas;GR;Safiental;GR;3672;;16057;01.01.2013;;grösste Gemeinde;
MANUAL;Niederneunforn;TG;Neunforn;TG;4601;;15447;;;grösste Gemeinde;
MANUAL;Valens;SG;Pfäfers, Valens-Vasön;SG;7922;;;01.05.2012;;beide Orte einzeln aufgeführt -> davon grössere Gemeinde;
MANUAL;Guschelmuth;FR;Gurmels (Grossguschelmuth);FR;7287;;;01.01.2017;;;
MANUAL;Coffrane;NE;Coffrane (Val-de-Ruz);NE;7929;;;01.01.2013;;;
MANUAL;Gurmels;FR;Gurmels (Grossgurmels);FR;7285;;;01.01.2017;;;
MANUAL;Undervelier;JU;Undervelier (Haute-Sorne);JU;7126;;;01.03.2016;;;
MANUAL;Dompierre FR;FR;Belmont-Broye;FR;2053;;15675;01.01.2016;;grösster Ort;
MANUAL;Donat;GR;Muntogna da Schons (Patzen-Fardün);GR;7551;;;01.01.2021;;;
MANUAL;Uesslingen;TG;Uesslingen-Buch;TG;4616;;15431;;;;
MANUAL;Gurmels;FR;Gurmels (Monterschu);FR;7286;;;01.01.2017;;"""Am 1. Januar 1978 fusionierte Monterschu mit dem damaligen Grossgurmels zur neuen Gemeinde Gurmels.""";
MANUAL;Le Pâquier-Montbarry;FR;Le Pâquier;FR;2145;;12618;;;;
MANUAL;Cerniat FR;FR;Val-de-Charmey (Cerniat (FR));FR;7229;;;01.01.2017;;;
MANUAL;Rüthi (Rheintal);SG;Rüthi;SG;3256;;14404;01.01.1993;;;
MANUAL;Busswil b. Melchnau;BE;Busswil bei Melchnau;BE;325;;15011;;;;
MANUAL;Villars-Burquin;VD;Tévenon;VD;5571;;15492;01.07.2011;;grösste Gemeinde;
MANUAL;Sta. Maria in Calanca;GR;Santa Maria in Calanca;GR;3810;;16015;;;;
MANUAL;Tinizong;GR;Surses (Tinizong-Rona);GR;7342;;;01.01.2018;;grösste Gemeinde;
MANUAL;Gorgier;NE;Gorgier (La Grande Béroche);NE;7516;;;01.01.2018;;;
MANUAL;St-Gingolph;VS;Saint-Gingolph;VS;6155;;12863;;;;
MANUAL;Gommiswald;SG;Gommiswald-Dorf;SG;7954;;;01.01.2013;;;
MANUAL;Ayer;VS;Anniviers;VS;6252;;14962;01.01.2009;;grösste Gemeinde;
MANUAL;Fenin;NE;Fenin-Vilars-Saules (Val-de-Ruz);NE;7932;;;01.01.2013;;als Einzelorte aufgeführt -> davon grösste Gemeinde (Stand vor Fusion);VB
MANUAL;Safien Platz;GR;Safiental (Safien);GR;7434;;;01.01.2018;;;
MANUAL;Verscio;TI;Terre di Pedemonte;TI;5396;;15627;14.04.2013;;grösste Gemeinde;
MANUAL;Bleiken b. Oberdiessbach;BE;Oberdiessbach (Bleiken bei Oberdiessbach);BE;7477;;;01.01.2018;;;
MANUAL;Siviriez;FR;Siviriez (Le Saulgy);FR;7184;;;01.01.2017;;"""Am 1. Januar 1978 wurde Le Saulgy nach Siviriez eingemeindet.""";
MANUAL;Wangen b. Olten;SO;Wangen bei Olten;SO;2586;;10472;;;;
MANUAL;Vicques;JU;Val Terbi;JU;6730;;16119;01.01.2013;;grösste Gemeinde;
MANUAL;Biel/Bienne;BE;Mett;BE;7853;;;;;"""Mett ist eine ehemalige politische Gemeinde und wurde 1920 in Biel eingemeindet.""";
MANUAL;Les Bayards;NE;Les Bayards (Val-de-Travers);NE;7950;;;01.01.2013;;;
MANUAL;Epiquerez;JU;Epiquerez (Clos du Doubs);JU;7112;;;01.03.2016;;;
MANUAL;Soulce;JU;Soulce (Haute-Sorne);JU;7125;;;01.03.2016;;;
MANUAL;Ecublens FR;FR;Ecublens (FR) (Villangeaux);FR;7174;;;01.01.2017;;;
MANUAL;Signy;VD;Signy-Avenex;VD;5728;;14598;;;;
MANUAL;Grand-Lancy;GE;Lancy;GE;6628;;12624;;;grösste Gemeinde;
MANUAL;Peiden;GR;Lumnezia (Uors-Peiden);GR;7429;;;01.01.2018;;grösste Gemeinde (91 Einwohner);
MANUAL;Lugnorre;FR;Mont-Vully;FR;2284;;15679;01.01.2016;;grösste Gemeinde;
MANUAL;Nussbaumen AG;AG;Obersiggenthal;AG;4038;;12456;;;grösste Gemeinde;
MANUAL;Ried b. Kerzers;FR;Ried bei Kerzers;FR;2276;;14529;;;;
MANUAL;St-Ursanne;JU;Saint-Ursanne (Clos du Doubs);JU;7116;;;01.03.2016;;;
MANUAL;Morbio Superiore;TI;Breggia;TI;5269;;14974;25.10.2009;;grösste Gemeinde;
MANUAL;Lenk im Simmental;BE;Lenk;BE;792;;15276;;;;
MANUAL;St-Légier-La Chiésaz;VD;Saint-Légier-La Chiésaz;VD;5888;;14599;;;;
MANUAL;Medels im Rheinwald;GR;Rheinwald (Medels i. Rh.);GR;7523;;;01.01.2019;;;
MANUAL;Heinrichswil;SO;Drei Höfe;SO;2535;;15603;01.01.2013;;grösste Gemeinde;
MANUAL;Pleujouse;JU;Pleujouse (La Baroche);JU;7107;;;01.03.2016;;;
MANUAL;Courlevon;FR;Murten (Coussiberlé);FR;7300;;;01.01.2017;;"""Am 15. Februar 1974 wurde Coussiberlé nach Courlevon eingemeindet. Seit 2016 gehört das Dorf zur Gemeinde Murten.""";
MANUAL;Alvaneu Dorf;GR;Albula/Alvra (Alvaneu);GR;7325;;;01.01.2018;;grösste Gemeinde;
MANUAL;Perly;GE;Perly-Certoux;GE;6632;;13155;;;;
MANUAL;Hasliberg Hohfluh;BE;Hasliberg;BE;783;;15271;;;grösste Gemeinde;
MANUAL;Lessoc;FR;Haut-Intyamon;FR;2121;;14362;01.01.2002;;grösste Gemeinde;
MANUAL;Corpataux;FR;Gibloux (Corpataux-Magnedens);FR;7259;;;01.01.2017;;grösste Gemeinde;
MANUAL;Courfaivre;JU;Courfaivre (Haute-Sorne);JU;7123;;;01.03.2016;;;
MANUAL;Porsel;FR;Le Flon;FR;2337;;14482;01.01.2004;;grösste Gemeinde;
MANUAL;Murist;FR;Estavayer (Franex);FR;7147;;;01.01.2017;;"""Am 1. Januar 1992 wurde Franex nach Murist eingemeindet. Seit 2017 gehört das Dorf zur Gemeinde Estavayer.""";
MANUAL;Arvigo;GR;Calanca;GR;3837;;16067;01.01.2015;;grösste Gemeinde;
MANUAL;St-Saphorin (Lavaux);VD;Saint-Saphorin (Lavaux);VD;5610;;14588;;;;
MANUAL;Villette (Lavaux);VD;Bourg-en-Lavaux (Villette);VD;7036;;;01.01.2016;;;
MANUAL;Auvernier;NE;Auvernier (Milvignes);NE;7923;;;01.01.2013;;;
MANUAL;Siegershausen;TG;Kemmental;TG;4666;;15445;;;grösste Gemeinde;
MANUAL;Müllheim Dorf;TG;Müllheim;TG;4831;;15416;;;;
MANUAL;Tesserete;TI;Capriasca;TI;5226;;14938;15.10.2001;;grösste Gemeinde;
MANUAL;Hergiswil b. Willisau;LU;Hergiswil bei Willisau;LU;1132;;15565;;;;
MANUAL;Romainmôtier;VD;Romainmôtier-Envy (Envy);VD;7020;;;01.01.2016;;;
MANUAL;Epauvillers;JU;Epauvillers (Clos du Doubs);JU;7111;;;01.03.2016;;;
MANUAL;Corban;JU;Corban (Val Terbi);JU;7324;;;01.01.2018;;;
MANUAL;Chézard-St-Martin;NE;Chézard-Saint-Martin (Val-de-Ruz);NE;7928;;;01.01.2013;;;
MANUAL;Chevenez;JU;Haute-Ajoie;JU;6809;;16120;01.01.2009;;grösste Gemeinde;
MANUAL;Cormagens;FR;La Sonnaz;FR;2235;;14481;01.01.2004;;grösste Gemeinde;
MANUAL;Ramosch;GR;Valsot;GR;3764;;16059;01.01.2013;;grösste Gemeinde;
MANUAL;Engollon;NE;Engollon (Val-de-Ruz);NE;7931;;;01.01.2013;;;
MANUAL;Hofstetten b. Brienz;BE;Hofstetten bei Brienz;BE;580;;15153;;;;
MANUAL;Charmoille;JU;Charmoille (La Baroche);JU;7104;;;01.03.2016;;;
MANUAL;Forel FR;FR;Estavayer (Forel (FR));FR;7145;;;01.01.2017;;;
MANUAL;Allmendingen b. Bern;BE;Allmendingen;BE;630;;15192;01.01.1993;;;
MANUAL;Sutz;BE;Sutz-Lattrigen;BE;750;;15256;;;;
MANUAL;Schänis;SG;Schänis-Dorf;SG;7895;;;;;;
MANUAL;Balm b. Günsberg;SO;Balm bei Günsberg;SO;2541;;11702;;;;
MANUAL;Le Cręt-près-Semsales;FR;La Verrerie (Le Cręt);FR;7313;;;01.01.2017;;;
MANUAL;St. Martin (Lugnez);GR;Vals (St. Martin);GR;7403;;;01.01.2018;;;
MANUAL;Granges-près-Marnand;VD;Valbroye;VD;5831;;15496;01.07.2011;;grösste Gemeinde;
MANUAL;Lentigny;FR;La Brillaz;FR;2234;;14136;;;grösste Gemeinde;
MANUAL;St-Maurice;VS;Saint-Maurice;VS;6217;;15620;;;;
MANUAL;Adlikon b. Andelfingen;ZH;Adlikon;ZH;21;;11735;;;;
MANUAL;Villaz-St-Pierre;FR;Villaz (Villaz-Saint-Pierre);FR;7524;;;01.01.2020;;;
MANUAL;Bussy-Chardonney;VD;Hautemorges (Bussy-Chardonney, Chardonney-sur-Morges);VD;7574;;;01.07.2021;;;
MANUAL;Roche-d'Or;JU;Roche-d'Or (Haute-Ajoie);JU;7121;;;01.03.2016;;;
MANUAL;Campo (Vallemaggia);TI;Campo Vallemaggia;TI;5307;;11402;;;;
MANUAL;Curaglia;GR;Medel (Lucmagn);GR;3983;;16040;01.01.1943;;grösste Gemeinde;
MANUAL;Bevaix;NE;Bevaix (La Grande Béroche);NE;7514;;;01.01.2018;;;
MANUAL;Bremgarten b. Bern;BE;Bremgarten bei Bern;BE;353;;15031;;;;
MANUAL;Ausserferrera;GR;Ferrera;GR;3713;;16045;01.01.2008;;grösste Gemeinde;
MANUAL;Cernier;NE;Cernier (Val-de-Ruz);NE;7927;;;01.01.2013;;;
MANUAL;Sils/Segl Maria;GR;Sils im Engadin/Segl;GR;3789;;16009;01.01.1943;;grösste Gemeinde;
MANUAL;Bönigen b. Interlaken;BE;Bönigen;BE;572;;15145;;;;
MANUAL;Prez-vers-Noréaz;FR;Prez;FR;2237;;16133;01.01.2020;;grösste Gemeinde;
MANUAL;St-Livres;VD;Saint-Livres;VD;5435;;14601;;;;
MANUAL;Fleurier;NE;Fleurier (Val-de-Travers);NE;7948;;;01.01.2013;;;
MANUAL;Paspels;GR;Domleschg;GR;3673;;16064;01.01.2015;;grösste Gemeinde;
MANUAL;Ste-Croix;VD;Sainte-Croix;VD;5568;;14591;;;;
MANUAL;Aathal-Seegräben;ZH;Seegräben;ZH;119;;12951;;;;
MANUAL;Zillis;GR;Zillis-Reischen;GR;3712;;15992;;;;
MANUAL;Rickenbach b. Wil;TG;Rickenbach;TG;4751;;15463;01.01.1998;;;
MANUAL;St-Blaise;NE;Saint-Blaise;NE;6459;;16112;;;;
MANUAL;Laufen;BL;Laufen-Stadt;BL;7862;;;01.01.1994;;"""1852 wurden die beiden Gemeinden Laufen Stadt und Laufen Vorstadt vereinigt.""";
MANUAL;Montmollin;NE;Montmollin (Val-de-Ruz);NE;7937;;;01.01.2013;;;
MANUAL;Davos Dorf;GR;Davos;GR;3851;;16047;;;grösste Gemeinde;
MANUAL;Rivera;TI;Monteceneri;TI;5238;;15392;21.11.2010;;grösste Gemeinde;
MANUAL;Villaz-St-Pierre;FR;Villaz;FR;2117;;16132;01.01.2020;;grösste Gemeinde;
MANUAL;Homberg b. Thun;BE;Homberg;BE;931;;15329;;;;
MANUAL;Obersaxen;GR;Obersaxen Mundaun;GR;3988;;16069;01.01.2016;;;
MANUAL;Oberstammheim;ZH;Stammheim;ZH;292;;16122;01.01.2019;;grösste Gemeinde;
MANUAL;Gerra (Verzasca);TI;Verzasca;TI;5399;;16589;19.10.2020;;grösste Gemeinde;
MANUAL;Vicques;JU;Vicques (Val Terbi);JU;7129;;;01.03.2016;;;
MANUAL;Les Hauts-Geneveys;NE;Les Hauts-Geneveys (Val-de-Ruz);NE;7936;;;01.01.2013;;;
MANUAL;Villaz-St-Pierre;FR;Villaz (Fuyens);FR;7534;;;01.01.2020;;"""Am 1. Januar 1978 wurde Fuyens nach Villaz-Saint-Pierre eingemeindet.""";
MANUAL;Montenol;JU;Montenol (Clos du Doubs);JU;7113;;;01.03.2016;;;
MANUAL;Travers;NE;Travers (Val-de-Travers);NE;7945;;;01.01.2013;;;
MANUAL;Wergenstein;GR;Muntogna da Schons (Casti);GR;7547;;;01.01.2021;;;
MANUAL;Grandvaux;VD;Bourg-en-Lavaux;VD;5613;;15493;01.07.2011;;grösste Gemeinde;
MANUAL;Lodrino;TI;Riviera;TI;5287;;16079;02.04.2017;;grösste Gemeinde;
MANUAL;Fontaines NE;NE;Fontaines (Val-de-Ruz);NE;7934;;;01.01.2013;;;
MANUAL;Athenaz (Avusy);GE;Avusy;GE;6604;;11665;;;;
MANUAL;Lützelflüh-Goldbach;BE;Lützelflüh;BE;955;;15350;;;grösste Gemeinde;
MANUAL;Arosio;TI;Alto Malcantone;TI;5237;;14519;14.03.2005;;grösste Gemeinde;
MANUAL;Buttes;NE;Buttes (Val-de-Travers);NE;7949;;;01.01.2013;;;
MANUAL;Marin-Epagnier;NE;Marin-Epagnier (La Tène);NE;7941;;;01.01.2013;;;
MANUAL;Schwanden b. Brienz;BE;Schwanden bei Brienz;BE;592;;15164;;;;
MANUAL;Zimmerwald;BE;Wald;BE;888;;15310;01.01.2004;;grösste Gemeinde;
MANUAL;Villargiroud;FR;Villorsonnens;FR;2114;;14137;;;grösste Gemeinde;
MANUAL;Asuel;JU;Asuel (La Baroche);JU;7103;;;01.03.2016;;;
MANUAL;Savognin;GR;Surses;GR;3543;;16068;01.01.2016;;grösste Gemeinde;
MANUAL;Cugnasco;TI;Cugnasco-Gerra;TI;5138;;16587;20.04.2008;;grösste Gemeinde;
MANUAL;Prêles;BE;Plateau de Diesse;BE;726;;15636;01.01.2014;;grösste Gemeinde;
MANUAL;Lussery-Villars;VD;Lussery-Villars (Villars-Lussery);VD;7021;;;01.01.2016;;;
MANUAL;Châtel-St-Denis;FR;Châtel-Saint-Denis;FR;2325;;11426;;;;
MANUAL;Biel/Bienne;BE;Madretsch;BE;7852;;;;;"""Madretsch, früher Mardrez, ist eine ehemalige Gemeinde des Kantons Bern in der Schweiz. Sie wurde 1920 in die Stadt Biel (BE) eingemeindet und ist heute Teil von Biel/Bienne.""";
MANUAL;Splügen;GR;Rheinwald;GR;3714;;16125;01.01.2019;;grösste Gemeinde;
MANUAL;Davos Wiesen;GR;Davos (Wiesen);GR;7349;;;01.01.2018;;;
MANUAL;Wettswil;ZH;Wettswil am Albis;ZH;14;;13255;01.01.1976;;;
MANUAL;Le Pâquier NE;NE;Le Pâquier (Val-de-Ruz);NE;7938;;;01.01.2013;;;
MANUAL;St. Gallen;SG;St. Gallen-Tablat;SG;7867;;;;;;
MANUAL;Samnaun Dorf;GR;Samnaun;GR;3752;;16000;;;grösste Gemeinde;
MANUAL;Forel FR;FR;Estavayer (Vernay);FR;7141;;;01.01.2017;;Sitz der Verwaltung vor der Fusion in Forel FR;
MANUAL;St-Prex;VD;Saint-Prex;VD;5646;;14587;;;;
MANUAL;Bouveret;VS;Port-Valais;VS;6154;;13075;;;grösste Gemeinde;
MANUAL;St-Sulpice VD;VD;Saint-Sulpice;VD;5648;;14590;;;;
MANUAL;Farvagny-le-Grand;FR;Gibloux (Le Glèbe);FR;7261;;;01.01.2017;;grösste Gemeinde;
MANUAL;St-Ursanne;JU;Clos du Doubs;JU;6808;;14965;01.01.2009;;grösste Gemeinde;
MANUAL;Saas im Prättigau;GR;Klosters (Saas);GR;7561;;;20.02.2021;;;
MANUAL;Plasselb;FR;Plasselb (Neuhaus);FR;7306;;;01.01.2017;;;
MANUAL;Ocourt;JU;Ocourt (Clos du Doubs);JU;7115;;;01.03.2016;;;
MANUAL;St-Saphorin-sur-Morges;VD;Echichens (Saint-Saphorin-sur-Morges);VD;7039;;;01.01.2016;;;
MANUAL;Farvagny-le-Grand;FR;Gibloux (Farvagny);FR;7260;;;01.01.2017;;grössere Farvagny Gemeinde gewählt;
MANUAL;Lohn-Ammannsegg;SO;Ammannsegg;SO;7858;;;;;;
MANUAL;Boll;BE;Vechigen;BE;359;;15037;;;grösste Gemeinde;
MANUAL;Lauenen b. Gstaad;BE;Lauenen;BE;842;;15280;;;;
MANUAL;Aumont;FR;Les Montets;FR;2050;;14474;01.01.2004;;grösste Gemeinde;
MANUAL;Nax;VS;Mont-Noble;VS;6090;;15485;01.01.2011;;grösste Gemeinde;
MANUAL;Lohn-Ammannsegg;SO;Lohn;SO;7859;;;;;;
MANUAL;Egg b. Zürich;ZH;Egg;ZH;192;;12123;;;;
MANUAL;Gumefens;FR;Pont-en-Ogoz;FR;2122;;14368;01.01.2003;;grösste Gemeinde;
MANUAL;Le Châble VS;VS;Val de Bagnes;VS;6037;;16601;01.01.2021;;Hauptort;
MANUAL;Rüschegg Heubach;BE;Rüschegg;BE;853;;15284;;;grösste Gemeinde;
MANUAL;Stadel b. Niederglatt;ZH;Stadel;ZH;100;;10383;;;mehrere Orte;
MANUAL;Kradolf;TG;Kradolf-Schönenberg;TG;4501;;15448;;;;
MANUAL;Oron-la-Ville;VD;Oron;VD;5805;;15504;01.01.2012;;grösste Gemeinde;
MANUAL;Vermes;JU;Vermes (Val Terbi);JU;7128;;;01.03.2016;;;
MANUAL;Mannens;FR;Montagny (Mannens-Grandsivaz);FR;7152;;;01.01.2017;;;
MANUAL;Môtier (Vully);FR;Mont-Vully (Haut-Vully);FR;7303;;;01.01.2017;;Haut-Vully wurde zu Mont-Vully (Hauptort), als einzelne Gemeinde nicht in Liste aufgeführt. Môtier (Vully) ist die grösste Gemeinde von Haut-Vully.;AW
MANUAL;Boudevilliers;NE;Boudevilliers (Val-de-Ruz);NE;7926;;;01.01.2013;;;
MANUAL;Fresens;NE;Fresens (La Grande Béroche);NE;7515;;;01.01.2018;;;
MANUAL;Malvaglia;TI;Serravalle;TI;5050;;15509;01.04.2012;;grösste Gemeinde;
MANUAL;Haag (Rheintal);SG;Sennwald-Haag;SG;7876;;;;;;
MANUAL;Fregiécourt;JU;Fregiécourt (La Baroche);JU;7105;;;01.03.2016;;;
MANUAL;St-Aubin-Sauges;NE;Saint-Aubin-Sauges (La Grande Béroche);NE;7518;;;01.01.2018;;;
MANUAL;Erlinsbach SO;SO;Obererlinsbach;SO;2496;;;01.01.2006;;;
MANUAL;Chevenez;JU;Chevenez (Haute-Ajoie);JU;7118;;;01.03.2016;;;
MANUAL;Loco;TI;Onsernone;TI;5136;;15686;;;grösste Gemeinde;
MANUAL;Malleray;BE;Valbirse;BE;717;;15661;01.01.2015;;grösste Gemeinde;
MANUAL;Murist;FR;Estavayer (Montborget);FR;7148;;;01.01.2017;;;
MANUAL;Wahlen b. Laufen;BL;Wahlen;BL;2792;;13850;01.01.1994;;;
MANUAL;Blatten (Lötschen);VS;Blatten;VS;6192;;11818;;;;
MANUAL;Flims Dorf;GR;Flims;GR;3732;;15997;;;vermutlich grösste Gemeinde;
MANUAL;Mezzovico;TI;Mezzovico-Vira;TI;5199;;12442;;;mehrere Orte;
MANUAL;Montagnola;TI;Collina d'Oro;TI;5236;;15512;04.04.2004;;grösste Gemeinde;
MANUAL;Hasle b. Burgdorf;BE;Hasle bei Burgdorf;BE;406;;15063;;;;
MANUAL;Montreux;VD;Montreux (Montreux-Planches);VD;7018;;;01.01.2016;;;
MANUAL;Morens FR;FR;Estavayer (Morens (FR));FR;7138;;;01.01.2017;;;
MANUAL;Cerniat FR;FR;Val-de-Charmey;FR;2163;;15640;01.01.2014;;grösste Gemeinde;
MANUAL;Monteggio;TI;Tresa;TI;5239;;16611;19.04.2021;;grösste Gemeinde;
MANUAL;Uors (Lumnezia);GR;Lumnezia (Suraua);GR;7425;;;01.01.2018;;"""2002 hervorgegangen aus der Fusion von Camuns, Surcasti, Tersnaus und Uors-Peiden."" -> davon grösste Gemeinde";
MANUAL;Mühledorf SO;SO;Buchegg;SO;2465;;15642;01.01.2014;;grösste Gemeinde;
MANUAL;Savagnier;NE;Savagnier (Val-de-Ruz);NE;7939;;;01.01.2013;;;
MANUAL;St-Brais;JU;Saint-Brais;JU;6758;;13316;01.01.1979;;;
MANUAL;Cousset;FR;Montagny;FR;2029;;14475;01.01.2000;;grösste Gemeinde;
MANUAL;Bergün/Bravuogn;GR;Bergün Filisur;GR;3544;;16085;01.01.2018;;grösste Gemeinde;
MANUAL;St. Antönien;GR;Luzein (St. Antönien-Rüti);GR;7348;;;01.01.2018;;;
MANUAL;Peccia;TI;Lavizzara;TI;5323;;14497;04.04.2004;;grösste Gemeinde;
MANUAL;Ebnat-Kappel;SG;Ebnat-Kappel, Kappel;SG;7900;;;;;;
MANUAL;Olivone;TI;Blenio;TI;5049;;14918;22.10.2006;;grösste Gemeinde;
MANUAL;Colombier NE;NE;Colombier (Milvignes);NE;7925;;;01.01.2013;;;
MANUAL;St-Romain (Ayent);VS;Ayent;VS;6082;;11666;;;"mehrere Orte; nach genauer Prüfung (LK, Netzrecherche) scheiden manche davon aus; andere sind aneinandergebaut u. ähnlich gross; St. Romain liegt zentral und hat die Kirche.";LK
MANUAL;Rüti b. Büren;BE;Rüti bei Büren;BE;393;;15056;;;;
MANUAL;Chavannes-sous-Orsonnens;FR;Villorsonnens (Granges-la-Battiaz);FR;7205;;;01.01.2017;;;
MANUAL;Posieux;FR;Hauterive;FR;2233;;14141;;;grösste Gemeinde;
MANUAL;Villarimboud;FR;Villaz (Macconnens);FR;7537;;;01.01.2020;;"""Mit Wirkung auf den 1. Januar 1973 wurde Macconnens nach Villarimboud eingemeindet.""";
MANUAL;Niederried b. Interlaken;BE;Niederried bei Interlaken;BE;588;;15160;;;;
MANUAL;Romainmôtier;VD;Romainmôtier-Envy;VD;5761;;14549;01.01.1970;;;
MANUAL;Heimenschwand;BE;Buchholterberg;BE;923;;15322;;;;
MANUAL;Villaz-St-Pierre;FR;Villaz (La Folliaz);FR;7533;;;01.01.2020;;;
MANUAL;Grolley;FR;Grolley (Corsalettes (Lac));FR;7237;;;01.01.2017;;;
MANUAL;Bühl b. Aarberg;BE;Bühl;BE;734;;15240;;;;
MANUAL;Twann;BE;Twann-Tüscherz;BE;756;;14978;01.01.2010;;grösste Gemeinde;
MANUAL;Le Bry;FR;Pont-en-Ogoz (Villars-d'Affry);FR;7218;;;01.01.2017;;;
MANUAL;Uttigen;BE;Uttigen (Kienersrüti);BE;7480;;;01.01.2018;;;
MANUAL;Rüti b. Lyssach;BE;Rüti bei Lyssach;BE;422;;15079;;;;
MANUAL;Wohlen b. Bern;BE;Wohlen bei Bern;BE;360;;15038;;;;
MANUAL;Le Sépey;VD;Ormont-Dessous;VD;5410;;14670;;;"""Hauptort der Gem. Ormont-Dessous VD""";
MANUAL;Alvaneu Dorf;GR;Albula/Alvra;GR;3542;;16062;01.01.2015;;vermutlich grösste Gemeinde;
MANUAL;Charmey (Gruyère);FR;Val-de-Charmey (Charmey);FR;7230;;;01.01.2017;;;
MANUAL;Villars-Tiercelin;VD;Jorat-Menthue;VD;5804;;15491;01.07.2011;;grösste Gemeinde;
MANUAL;Degersheim;SG;Degersheim-Dorf;SG;7970;;;30.05.2014;;;
MANUAL;Donat;GR;Muntogna da Schons;GR;3715;;16598;01.01.2021;;grösste Gemeinde;
MANUAL;Vaumarcus;NE;Vaumarcus (La Grande Béroche);NE;7519;;;01.01.2018;;;
MANUAL;Küssnacht am Rigi;;Küssnacht;SZ;1331;;14470;;;mehrere Orte;
MANUAL;Belfaux;FR;Belfaux (Cutterwil);FR;7234;;;01.01.2017;;;
MANUAL;Rueyres-St-Laurent;FR;Gibloux (Rueyres-Saint-Laurent);FR;7265;;;01.01.2017;;;
MANUAL;Glovelier;JU;Sceut;JU;7911;;;01.01.1979;;;
MANUAL;Buix;JU;Buix (Basse-Allaine);JU;7108;;;01.03.2016;;;
MANUAL;Sta. Maria Val Müstair;GR;Val Müstair (Sta. Maria);GR;7378;;;01.01.2018;;;
MANUAL;Montignez;JU;Montignez (Basse-Allaine);JU;7110;;;01.03.2016;;;
MANUAL;Rovray;VD;Rovray (Arrissoules);VD;7025;;;01.01.2016;;;
MANUAL;Bangerten b. Dieterswil;BE;Rapperswil (Bangerten);BE;7507;;;01.01.2018;;;
MANUAL;Murist;FR;Estavayer (La Vounaise);FR;7149;;;01.01.2017;;;
MANUAL;Ependes FR;FR;Bois-d'Amont;FR;2238;;16594;01.01.2021;;grösste Gemeinde;
MANUAL;Simplon Dorf;VS;Simplon;VS;6009;;12984;;;grösste Gemeinde;
MANUAL;Uitikon Waldegg;ZH;Uitikon;ZH;248;;13696;;;;
MANUAL;Gondo;VS;Zwischbergen;VS;6011;;10159;;;;
MANUAL;St-Sulpice NE;NE;Saint-Sulpice (Val-de-Travers);NE;7951;;;01.01.2013;;;
MANUAL;Seewis Dorf;GR;Seewis im Prättigau;GR;3972;;16037;;;vermutlich grösste Gemeinde;
MANUAL;Maracon;VD;Maracon (La Rogivue);VD;7024;;;01.01.2016;;;
MANUAL;Martigny-Croix;VS;Martigny-Combe;VS;6137;;12756;;;Hauptort;
MANUAL;Les Geneveys-sur-Coffrane;NE;Les Geneveys-sur-Coffrane (Val-de-Ruz);NE;7935;;;01.01.2013;;;
MANUAL;Murten;FR;Murten (Altavilla);FR;7298;;;01.01.2017;;;
MANUAL;Wiler b. Utzenstorf;BE;Wiler bei Utzenstorf;BE;554;;15133;;;;
MANUAL;Ependes FR;FR;Bois-d'Amont (Sales);FR;7541;;;01.01.2021;;;
MANUAL;Rocourt;JU;Rocourt (Haute-Ajoie);JU;7323;;;01.01.2018;;;
MANUAL;Dombresson;NE;Dombresson (Val-de-Ruz);NE;7930;;;01.01.2013;;;
MANUAL;Oberwald;VS;Obergoms;VS;6076;;14958;01.01.2009;;grösste Gemeinde;
MANUAL;St-Martin FR;FR;Saint-Martin;FR;2335;;14484;;;;
MANUAL;Deisswil b. Münchenbuchsee;BE;Deisswil bei Münchenbuchsee;BE;535;;15115;;;;
MANUAL;Sedrun;GR;Tujetsch;GR;3986;;16042;01.01.1976;;"""Sedrun ist der politische und kirchliche Hauptort des Tujetsch.""";
MANUAL;Müstair;GR;Val Müstair;GR;3847;;16049;01.01.2009;;grösste Gemeinde;
MANUAL;Magadino;TI;Gambarogno;TI;5398;;15391;25.04.2010;;grösste Gemeinde;
MANUAL;Wilen (Gottshaus);TG;Hauptwil-Gottshaus;TG;4486;;15446;;;beide einzeln aufgeführt -> davon grösste Gemeinde;
MANUAL;Laufen;BL;Laufen-Vorstadt;BL;7863;;;01.01.1994;;"""1852 wurden die beiden Gemeinden Laufen Stadt und Laufen Vorstadt vereinigt.""";
MANUAL;St-Léonard;VS;Saint-Léonard;VS;6246;;12857;;;;
MANUAL;Cresta (Avers);GR;Avers;GR;3681;;15984;;;"""Die zentrale Siedlung mit Kirche, Schule, Gemeindehaus, Tankstelle und Lebensmittelgeschäft ist Cresta.""";
MANUAL;Veyras;VS;Noble-Contrée;VS;6254;;16603;01.01.2021;;grösste Gemeinde;
MANUAL;Montmelon;JU;Montmelon (Clos du Doubs);JU;7114;;;01.03.2016;;;
MANUAL;Villeneuve FR;FR;Surpierre (Villeneuve (FR));FR;7157;;;01.01.2017;;;
MANUAL;Grangettes-près-Romont;FR;Grangettes;FR;2079;;12113;;;;
MANUAL;Fontainemelon;NE;Fontainemelon (Val-de-Ruz);NE;7933;;;01.01.2013;;;
MANUAL;Villiers;NE;Villiers (Val-de-Ruz);NE;7940;;;01.01.2013;;;
MANUAL;Courtemaîche;JU;Courtemaîche (Basse-Allaine);JU;7109;;;01.03.2016;;;
MANUAL;Cudrefin;VD;Cudrefin (Champmartin);VD;7023;;;01.01.2016;;;
MANUAL;St-Martin VS;VS;Saint-Martin;VS;6087;;13032;;;;
MANUAL;Radelfingen b. Aarberg;BE;Radelfingen;BE;309;;15003;;;;
MANUAL;Aeschi b. Spiez;BE;Aeschi bei Spiez;BE;562;;15138;;;;
MANUAL;Marin-Epagnier;NE;La Tène;NE;6461;;16113;01.01.2009;;grösste Gemeinde;
MANUAL;Sâles (Gruyère);FR;Sâles;FR;2152;;14138;01.01.2001;;;
MANUAL;Oberuzwil;SG;Oberuzwil-Dorf;SG;7907;;;;;;
MANUAL;Walliswil b. Niederbipp;BE;Walliswil bei Niederbipp;BE;990;;15373;;;;
MANUAL;Praz (Vully);FR;Mont-Vully (Bas-Vully);FR;7302;;;01.01.2017;;Bas-Vully wurde zu Mont-Vully (Hauptort), als einzelne Gemeinde nicht in Liste aufgeführt. Praz (Vully) ist die grösste Gemeinde von Bas-Vully;AW
MANUAL;Schinznach Dorf;AG;Schinznach;AG;4125;;15645;01.01.2014;;grösste Gemeinde;
MANUAL;Oberwil b. Büren;BE;Oberwil bei Büren;BE;391;;15054;;;;
MANUAL;Schmitten (Albula);GR;Schmitten;GR;3514;;15964;;;;
MANUAL;Biel/Bienne;BE;Bözingen;BE;7851;;;;;"""Bözingen (französisch Boujean) ist das flächenmässig grösste Quartier (Ortsteil) der Stadt Biel/Bienne. Die ehemals selbständige Gemeinde Bözingen wurde 1917 nach Biel eingemeindet.""";
MANUAL;Walliswil b. Wangen;BE;Walliswil bei Wangen;BE;991;;15374;;;;
MANUAL;Villarepos;FR;Courtepin (Chandossel);FR;7279;;;01.01.2017;;;
MANUAL;Rossens FR;FR;Gibloux;FR;2236;;15677;01.01.2016;;grösste Gemeinde;
MANUAL;Bassecourt;JU;Bassecourt (Haute-Sorne);JU;7122;;;01.03.2016;;;
MANUAL;Le Mouret;FR;Le Mouret (Montécu);FR;7248;;;01.01.2017;;;
MANUAL;Höfen b. Thun;BE;Stocken-Höfen (Höfen);BE;7481;;;01.01.2018;;;
MANUAL;Siviriez;FR;Siviriez (Villaranon);FR;7185;;;01.01.2017;;Villaranon hat nur 60 Einwohner und liegt geografisch »nahe« bei Siviriez, weswegen ich Siviriez eingetragen habe.;AW
MANUAL;Montsevelier;JU;Montsevelier (Val Terbi);JU;7127;;;01.03.2016;;;
MANUAL;Ilanz;GR;Ilanz/Glion;GR;3619;;16061;01.01.2014;;grösste Gemeinde;
MANUAL;Vella;GR;Lumnezia;GR;3618;;16058;01.01.2013;;grösste Gemeinde;
MANUAL;Mogelsberg;SG;Neckertal;SG;3378;;14950;01.01.2009;;grösste Gemeinde;
MANUAL;Semsales;FR;Semsales (La Rougève);FR;7309;;;01.01.2017;;;
MANUAL;Romont FR;FR;Romont (FR) (Arruffens);FR;7177;;;01.01.2017;;;
MANUAL;Schwanden GL;GL;Glarus Süd;GL;1631;;15478;01.01.2011;;grösste Gemeinde;
MANUAL;Medels im Rheinwald;GR;Splügen (Medels i. Rh.);GR;7452;;;01.01.2018;;;
MANUAL;Messen;SO;Alt Messen;SO;7919;;;01.01.2010;;;
MANUAL;Noiraigue;NE;Noiraigue (Val-de-Travers);NE;7946;;;01.01.2013;;;
MANUAL;Alpnach Dorf;OW;Alpnach;OW;1401;;11753;;;vermutlich grösste Gemeinde;
MANUAL;Mur (Vully) VD;VD;Vully-les-Lacs (Mur);VD;7048;;;01.01.2016;;;
MANUAL;Thielle;NE;Thielle-Wavre (La Tène);NE;7942;;;01.01.2013;;als Einzelorte aufgeführt -> davon grösste Gemeinde (Stand vor Fusion);
MANUAL;Leuk Stadt;VS;Leuk;VS;6110;;15618;;;;
MANUAL;Miécourt;JU;Miécourt (La Baroche);JU;7106;;;01.03.2016;;;
MANUAL;Montreux;VD;Montreux (Montreux-Châtelard);VD;7017;;;01.01.2016;;;
MANUAL;Rossens FR;FR;Gibloux (Rossens (FR));FR;7262;;;01.01.2017;;;
MANUAL;Hauenstein;SO;Hauenstein-Ifenthal;SO;2491;;11985;;;;
MANUAL;Dompierre FR;FR;Belmont-Broye (Dompierre (FR));FR;7165;;;01.01.2017;;;
MANUAL;Vauffelin;BE;Sauge;BE;449;;15632;01.01.2014;;grösste Gemeinde;
MANUAL;Rudolfstetten;;Rudolfstetten-Friedlisberg;AG;4075;;12830;01.01.1953;;;
MANUAL;Le Sentier;VD;Le Chenit;VD;5872;;14646;;;grösste Gemeinde;
MANUAL;Apples;VD;Hautemorges;VD;5656;;16612;01.07.2021;;grösste Gemeinde;
MANUAL;Azmoos;SG;Wartau;SG;3276;;14410;;;grösste Gemeinde;
MANUAL;Basse-Nendaz;VS;Nendaz;VS;6024;;12518;;;Hauptort;
MANUAL;Arvigo;GR;Calanca (Landarenca);GR;7393;;;01.01.2018;;;
MANUAL;Soyhières;JU;Riedes-Dessus;JU;7912;;;;;;
MANUAL;Couvet;NE;Couvet (Val-de-Travers);NE;7944;;;01.01.2013;;;
MANUAL;Abtwil SG;SG;Gaiserwald;SG;3442;;14465;;;grösste Gemeinde;
MANUAL;Heiligenschwendi;BE;Schwendi;BE;7854;;;;;"unklar: ""Schwendi, Weiler der Gemeinde Graben im Kanton Bern, Schweiz oder Schwendi, Vorort von Grindelwald im Kanton Bern, Schweiz""//LK: Weder noch. In eCH-0135 findet sich 7854 Schwendi neben 7855 Strättligen (Oft sind die Orte ähnlicher Laufnummern auch geogr. benachbart). Strättligen wurde Thun eingemeindet. In der Nähe von Thun findet sich Heiligenschwendi: ""Die Ortschaft Schwendi, auf einigen Karten auch Heiligenschwendi genannt, ist ein Kurort hoch über dem Thunersee im Kanton Bern."" https://www.quaeldich.de/paesse/schwendi-pass/; Histor. Karten auf https://map.geo.admin.ch/ bestätigen dies.";LK
MANUAL;Höfen b. Thun;BE;Stocken-Höfen;BE;770;;15637;01.01.2014;;grösste Gemeinde;
MANUAL;S. Vittore;GR;San Vittore;GR;3835;;16021;;;;
MANUAL;Fahrni b. Thun;BE;Fahrni;BE;925;;15324;;;;
MANUAL;Vers-l'Eglise;VD;Ormont-Dessus;VD;5411;;14669;;;Hauptort;
MANUAL;St. Antönien;GR;Luzein (St. Antönien-Castels);GR;7347;;;01.01.2018;;;
MANUAL;Intragna;TI;Centovalli;TI;5397;;14973;25.10.2009;;grösste Gemeinde;
MANUAL;Torny-le-Grand;FR;Torny;FR;2115;;14478;01.01.2004;;;
MANUAL;St-Imier;BE;Saint-Imier;BE;443;;15094;;;;
MANUAL;Montalchez;NE;Montalchez (La Grande Béroche);NE;7517;;;01.01.2018;;;
MANUAL;St-Barthélemy VD;VD;Saint-Barthélemy;VD;5535;;14612;;;;
MANUAL;Boveresse;NE;Boveresse (Val-de-Travers);NE;7947;;;01.01.2013;;;
MANUAL;Sornetan;BE;Petit-Val;BE;716;;15662;01.01.2015;;grösste Gemeinde;
MANUAL;Guschelmuth;FR;Gurmels (Kleinguschelmuth);FR;7288;;;01.01.2017;;;
MANUAL;Gsteig b. Gstaad;BE;Gsteig;BE;841;;15279;;;;
MANUAL;Wengi b. Büren;BE;Wengi;BE;394;;15057;;;;
MANUAL;Marly;FR;Marly (Chésalles);FR;7238;;;01.01.2017;;;
MANUAL;St. Peter;GR;Arosa (St. Peter-Pagig);GR;7359;;;01.01.2018;;St. Peter & Pagig einzeln aufgeführt -> davon grössere Gemeinde;
MANUAL;Ependes FR;FR;Bois-d'Amont (Ependes (FR));FR;7540;;;01.01.2021;;;
MANUAL;Murist;FR;Estavayer;FR;2054;;15689;01.01.2017;;grösste Gemeinde;
MANUAL;Teuffenthal b. Thun;BE;Teuffenthal;BE;940;;15337;;;;
MANUAL;Goumoens-la-Ville;VD;Goumoëns;VD;5541;;15490;01.07.2011;;grösste Gemeinde;
MANUAL;Oberriet SG;SG;Oberriet-Holzrhode;SG;7872;;;;;nicht in Liste, nächste Gemeinde = Oberriet;
MANUAL;Näfels;GL;Glarus Nord;GL;1630;;15479;01.01.2011;;grösste Gemeinde;
MANUAL;Schwarzenegg;BE;Oberlangenegg;BE;935;;15332;;;AW: Schwarzenegg liegt in der Gemeinde Unterlangenegg, jedoch ist Schwarzenegg mit Oberlangenegg zusammengebaut (siehe Google Maps). Deswegen habe ich die Nachbargemeinde Schwarzenegg eingetragen;AW
MANUAL;Donat;GR;Muntogna da Schons (Donath);GR;7550;;;01.01.2021;;;
MANUAL;Diessbach b. Büren;BE;Diessbach bei Büren;BE;385;;15048;;;;
MANUAL;S. Antonino;TI;Sant'Antonino;TI;5017;;13012;;;;
MANUAL;Bussy FR;FR;Estavayer (Bussy (FR));FR;7136;;;01.01.2017;;;
MANUAL;Miécourt;JU;La Baroche;JU;6810;;14969;01.01.2009;;grösste Gemeinde;
MANUAL;St-George;VD;Saint-George;VD;5434;;14615;;;;
MANUAL;Wil AG;AG;Mettauertal;AG;4184;;15388;01.01.2010;;grösste Gemeinde;
MANUAL;Le Châtelard-près-Romont;FR;Le Châtelard;FR;2067;;12611;;;;
MANUAL;Assens;VD;Assens (Malapalud);VD;7031;;;01.01.2016;;;
MANUAL;Réclère;JU;Réclère (Haute-Ajoie);JU;7120;;;01.03.2016;;;
MANUAL;Bôle;NE;Bôle (Milvignes);NE;7924;;;01.01.2013;;;
MANUAL;Balm b. Messen;SO;Balm bei Messen;SO;2443;;;01.01.2010;;;
MANUAL;Seleute;JU;Seleute (Clos du Doubs);JU;7117;;;01.03.2016;;;
MANUAL;Riom;GR;Surses (Riom-Parsonz);GR;7339;;;01.01.2018;;Riom & parsonz einzeln aufgeführt -> davon grössere Gemeinde;
MANUAL;Lussery-Villars;VD;Lussery-Villars (Lussery);VD;7022;;;01.01.2016;;;
MANUAL;Feldbrunnen;SO;Feldbrunnen-St. Niklaus;SO;2544;;11986;;;;
MANUAL;St-Cierges;VD;Montanaire (Saint-Cierges);VD;7096;;;01.01.2016;;;
MANUAL;Gordevio;TI;Avegno Gordevio;TI;5324;;14940;20.04.2008;;beide Orte einzeln aufgeführt -> davon grössere Gemeinde;
MANUAL;Diepoldsau;SG;Diepoldsau-Schmitter;SG;7869;;;;;;
MANUAL;Thun;BE;Strättligen;BE;7855;;;;;"""Strättligen ist eine ehemalige Gemeinde im Kanton Bern. 1920 wurde sie in die Stadt Thun eingemeindet.""";
MANUAL;Murten;FR;Murten (Burg);FR;7299;;;01.01.2017;;"""Am 1. Januar 1975 wurde Burg nach Murten eingemeindet. """;
MANUAL;Enney;FR;Bas-Intyamon;FR;2162;;14479;01.01.2004;;grösste Gemeinde;
MANUAL;Rossens FR;FR;Gibloux (Illens);FR;7274;;;01.01.2017;;"""Vor ihrer Fusion mit der Gemeinde Rossens per 1. Januar 1972 galt sie mit ihren rund einem Dutzend Einwohnern als die kleinste Gemeinde der Schweiz.""";
MANUAL;St-Oyens;VD;Saint-Oyens;VD;5436;;14586;;;;
MANUAL;Collombey;VS;Collombey-Muraz;VS;6152;;11596;;;grösste Gemeinde;
MANUAL;St-Aubin FR;FR;Saint-Aubin;FR;2041;;13702;;;;
MANUAL;Courtemaîche;JU;Basse-Allaine;JU;6807;;14970;01.01.2009;;mehrere Orte;
MANUAL;Sessa;TI;Croglio;TI;9071;9072;;;31.12.1952;Gemeinde Tresa, Ort nicht vorhanden, Kreis Sessa;
MANUAL;Sessa;TI;Croglio;TI;5178;5239;13252;;18.04.2021;Gemeinde Tresa, Ort nicht vorhanden, Kreis Sessa;
MANUAL;Oron-la-Ville;VD;Oron;VD;5805;;15504;01.01.2012;;grösste Gemeinde;
MANUAL;Oron-la-Ville;VD;Oron;VD;7908;5793;;;13.07.2004;grösste Gemeinde;
MANUAL;Erlinsbach SO;SO;Niedererlinsbach;SO;2494;2503;12543;;31.12.2005;Wird von der Automatik falsch zu Erlinsbach AG zugeordnet;RK
MANUAL;Arisdorf;BL;Olsberg;BL;7864;;;;;Wird von der Automatik falsch zu Olsberg AG zugeordnet, ist aber die ehemalige Gemeinde Olsberg BL, die 1882 mit Arisdorf BL fusioniert wurde.;RK
MANUAL;Saules BE;BE;Saules;BE;707;;15224;;;Wird von der Automatik falsch zu Saules in der Gemeinde Val-de-Ruz NE zugeordnet;RK
MANUAL;Frümsen;SG;Sennwald-Frümsen;SG;7875;;;;;Wird von der Automatik per NAME_PREFIX falsch zugeordnet;RK
MANUAL;Salez;SG;Sennwald-Salez;SG;7877;;;;;Wird von der Automatik per NAME_PREFIX falsch zugeordnet;RK
MANUAL;Sax;SG;Sennwald-Sax;SG;7878;;;;;Wird von der Automatik per NAME_PREFIX falsch zugeordnet;RK
MANUAL;Vättis;SG;Pfäfers-Vättis;SG;7883;;;;;Wird von der Automatik per NAME_PREFIX falsch zugeordnet;RK
MANUAL;Valens;SG;Pfäfers-Valens;SG;7884;7922;;30.04.2012;;Wird von der Automatik per NAME_PREFIX falsch zugeordnet;RK
MANUAL;Vasön;SG;Pfäfers-Vasön;SG;7885;7922;;30.04.2012;;Wird von der Automatik per NAME_PREFIX falsch zugeordnet;RK
MANUAL;Mols;SG;Quarten-Mols;SG;7886;;;;;Wird von der Automatik per NAME_PREFIX falsch zugeordnet;RK
MANUAL;Murg;SG;Quarten-Murg;SG;7887;;;;;Wird von der Automatik per NAME_PREFIX falsch zugeordnet;RK
MANUAL;Oberterzen;SG;Quarten-Oberterzen;SG;7888;;;;;Wird von der Automatik per NAME_PREFIX falsch zugeordnet;RK
MANUAL;Quinten;SG;Quarten-Quinten;SG;7889;;;;;Wird von der Automatik per NAME_PREFIX falsch zugeordnet;RK
MANUAL;Berschis;SG;Walenstadt-Berschis;SG;7892;;;;;Wird von der Automatik per NAME_PREFIX falsch zugeordnet;RK
MANUAL;Tscherlach;SG;Walenstadt-Tscherlach;SG;7893;;;;;Wird von der Automatik per NAME_PREFIX falsch zugeordnet;RK
MANUAL;Walenstadtberg;SG;Walenstadt-Walenstadtberg;SG;7894;;;;;Wird von der Automatik per NAME_PREFIX falsch zugeordnet;RK
MANUAL;Maseltrangen;SG;Schänis-Maseltrangen;SG;7896;;;;;Wird von der Automatik per NAME_PREFIX falsch zugeordnet;RK
MANUAL;Rufi;SG;Schänis-Rufi;SG;7897;;;;;Wird von der Automatik per NAME_PREFIX falsch zugeordnet;RK
MANUAL;Bichwil;SG;Oberuzwil-Bichwil;SG;7903;3407;;30.06.2020;;Wird von der Automatik per NAME_PREFIX falsch zugeordnet;RK
MANUAL;Niederglatt SG;SG;Oberuzwil-Niederglatt;SG;7904;3407;;09.11.2009;;Wird von der Automatik per NAME_PREFIX falsch zugeordnet;RK
MANUAL;Bernhardzell;SG;Waldkirch-Bernhardzell;SG;7906;;;;;Wird von der Automatik per NAME_PREFIX falsch zugeordnet;RK
MANUAL;Stein SG;SG;Nesslau-Stein;SG;7956;;;01.01.2013;;Wird von der Automatik per NAME_PREFIX falsch zugeordnet;RK
MANUAL;Krummenau;SG;Nesslau-Krummenau;SG;7957;;;01.01.2013;;Wird von der Automatik per NAME_PREFIX falsch zugeordnet;RK
MANUAL;Ennetbühl;SG;Nesslau-Ennetbühl;SG;7958;;;01.01.2013;;Wird von der Automatik per NAME_PREFIX falsch zugeordnet;RK
MANUAL;Effretikon;ZH;Illnau-Effretikon;ZH;174;296;13235;01.01.1974;31.12.2015;Effretikon ist der grössere Ort;
MANUAL;Effretikon;ZH;Illnau-Effretikon;ZH;296;;15671;01.01.2016;;Effretikon ist der grössere Ort;
MANUAL;Alchenflüh;BE;Rüdtligen-Alchenflüh;BE;420;;15077;;;;
MANUAL;Schwarzenegg;BE;Oberlangenegg;BE;935;;15332;;;;
MANUAL;Bussigny;VD;Bussigny-sur-Morges;VD;5624;5624;;;31.12.1958;;
MANUAL;Bussigny;VD;Bussigny-près-Lausanne;VD;5624;5624;14839;01.01.1959;30.04.2014;;
MANUAL;St-Saphorin-sur-Morges;VD;Saint-Saphorin-sur-Morges;VD;5647;5634;14589;;30.06.2011;;
MANUAL;Münster VS;VS;Münster-Geschinen;VS;6074;6077;14502;01.10.2004;31.12.2016;;
MANUAL;Reckingen VS;VS;Reckingen-Gluringen;VS;6075;6077;14503;01.10.2004;31.12.2016;;
MANUAL;Steg VS;VS;Steg-Hohtenn;VS;6204;;14961;01.01.2009;;;
MANUAL;Fenin;NE;Fenin-Vilars-Saules;NE;6477;7932;11983;;31.12.2012;;
MANUAL;Siviriez;FR;Siviriez (Villaranon);FR;7185;;;01.01.2017;;Villaranon hat 60 Einwohner und liegt geografisch am nächsten zu Siviriez;
MANUAL;Praz (Vully);FR;Mont-Vully (Bas-Vully);FR;7302;;;01.01.2017;;Praz (Vully) die grösste Gemeinde von Bas-Vully;
MANUAL;Môtier (Vully);FR;Mont-Vully (Haut-Vully);FR;7303;;;01.01.2017;;Môtier (Vully) ist die grösste Gemeinde von Haute-Vully;
MANUAL;Rieden SG;SG;Gommiswald-Rieden;SG;7955;;;01.01.2013;;;
MANUAL;Arni AG;AG;Arni-Islisberg;AG;9010;4084;11320;;31.12.1982;;
MANUAL;Apples;VD;Bussy-sur-Morges;VD;9078;5625;11242;;31.12.1960;;
