"Line number in raw-data/historische_familiennnamen.csv";"Name";"Canton";"Commune";"Reason"
26902;"Bugada";"GR";"Lostallo";"Invalid „CATEG“ entry"
40425;"de Muller";"FR";"Fribourg";"Invalid „CATEG“ entry"
81045;"Hermann";"GR";"Poschiavo";"Invalid „CATEG“ entry"
150238;"Rey";"GE";"Versoix";"Invalid „CATEG“ entry"
194501;"von Erlach";"BE";"Bern";"Duplicate entry in historische_familiennamen.csv"
194502;"von Erlach";"NE";"Neuchâtel";"Duplicate entry in historische_familiennamen.csv"
211462;"von Aarburg";"BS";"Basel";"Duplicate entry in historische_familiennamen.csv"
211463;"von Aarburg";"LU";"Triengen";"Duplicate entry in historische_familiennamen.csv"
211464;"von Aarburg";"SG";"Kaltbrunn";"Duplicate entry in historische_familiennamen.csv"
211465;"von Adelsheim-von Ernst";"BE";"Bern";"Duplicate entry in historische_familiennamen.csv"
211466;"von Aesch";"BE";"Grossaffoltern";"Duplicate entry in historische_familiennamen.csv"
211467;"von Aesch";"NE";"Cernier";"Duplicate entry in historische_familiennamen.csv"
211468;"von Aesch";"NE";"Fontaines";"Duplicate entry in historische_familiennamen.csv"
211469;"von Aesch";"ZH";"Zürich";"Duplicate entry in historische_familiennamen.csv"
211470;"von Ah";"OW";"Giswil";"Duplicate entry in historische_familiennamen.csv"
211471;"von Ah";"OW";"Sachseln";"Duplicate entry in historische_familiennamen.csv"
211472;"von Ah";"OW";"Sarnen";"Duplicate entry in historische_familiennamen.csv"
211473;"von Ah";"ZH";"Hombrechtikon";"Duplicate entry in historische_familiennamen.csv"
211474;"von Ah";"ZH";"Zürich";"Duplicate entry in historische_familiennamen.csv"
211475;"von Albertis";"SG";"Rorschach";"Duplicate entry in historische_familiennamen.csv"
211476;"von Allmen";"BE";"Beatenberg";"Duplicate entry in historische_familiennamen.csv"
211477;"von Allmen";"BE";"Gadmen";"Duplicate entry in historische_familiennamen.csv"
211478;"von Allmen";"BE";"Heimiswil";"Duplicate entry in historische_familiennamen.csv"
211479;"von Allmen";"BE";"Lauterbrunnen";"Duplicate entry in historische_familiennamen.csv"
211480;"von Allmen";"BE";"Saanen";"Duplicate entry in historische_familiennamen.csv"
211481;"von Allmen";"BE";"Unterseen";"Duplicate entry in historische_familiennamen.csv"
211482;"von Allmen";"BE";"Wilderswil";"Duplicate entry in historische_familiennamen.csv"
211483;"von Allmen";"BS";"Basel";"Duplicate entry in historische_familiennamen.csv"
211484;"von Allmen";"BS";"Basel";"Duplicate entry in historische_familiennamen.csv"
211485;"von Allmen";"GE";"Carouge";"Duplicate entry in historische_familiennamen.csv"
211486;"von Allmen";"GE";"Genève";"Duplicate entry in historische_familiennamen.csv"
211487;"von Allmen";"NE";"Boudevilliers";"Duplicate entry in historische_familiennamen.csv"
211488;"von Allmen";"NE";"Gorgier";"Duplicate entry in historische_familiennamen.csv"
211489;"von Allmen";"NE";"La Chaux-de-Fonds";"Duplicate entry in historische_familiennamen.csv"
211490;"von Allmen";"NE";"Peseux";"Duplicate entry in historische_familiennamen.csv"
211491;"von Allmen";"SO";"Egerkingen";"Duplicate entry in historische_familiennamen.csv"
211492;"von Allmen";"SO";"Solothurn";"Duplicate entry in historische_familiennamen.csv"
211493;"von Allmen";"VD";"Lausanne";"Duplicate entry in historische_familiennamen.csv"
211494;"von Allmen";"ZH";"Neftenbach";"Duplicate entry in historische_familiennamen.csv"
211495;"von Allmen";"ZH";"Winterthur";"Duplicate entry in historische_familiennamen.csv"
211496;"von Allmen";"ZH";"Zürich";"Duplicate entry in historische_familiennamen.csv"
211497;"von Alten";"AG";"Laufenburg";"Duplicate entry in historische_familiennamen.csv"
211498;"von Alten";"BE";"Thun";"Duplicate entry in historische_familiennamen.csv"
211499;"von Alvensleben";"TI";"Cureggia";"Duplicate entry in historische_familiennamen.csv"
211500;"von Alvensleben";"TI";"Torricella-Taverne";"Duplicate entry in historische_familiennamen.csv"
211501;"von Anacker";"SO";"Solothurn";"Duplicate entry in historische_familiennamen.csv"
211502;"von Angern";"SO";"Horriwil";"Duplicate entry in historische_familiennamen.csv"
211503;"von Arb";"BE";"Grossaffoltern";"Duplicate entry in historische_familiennamen.csv"
211504;"von Arb";"BS";"Basel";"Duplicate entry in historische_familiennamen.csv"
211505;"von Arb";"LU";"Luzern";"Duplicate entry in historische_familiennamen.csv"
211506;"von Arb";"SO";"Derendingen";"Duplicate entry in historische_familiennamen.csv"
211507;"von Arb";"SO";"Härkingen";"Duplicate entry in historische_familiennamen.csv"
211508;"von Arb";"SO";"Neuendorf";"Duplicate entry in historische_familiennamen.csv"
211509;"von Arb";"SO";"Wolfwil";"Duplicate entry in historische_familiennamen.csv"
211510;"von Arb";"ZH";"Zürich";"Duplicate entry in historische_familiennamen.csv"
211511;"von Arx";"AG";"Küttigen";"Duplicate entry in historische_familiennamen.csv"
211512;"von Arx";"BE";"Burgdorf";"Duplicate entry in historische_familiennamen.csv"
211513;"von Arx";"BE";"Melchnau";"Duplicate entry in historische_familiennamen.csv"
211514;"von Arx";"BE";"Seedorf";"Duplicate entry in historische_familiennamen.csv"
211515;"von Arx";"BE";"Utzenstorf";"Duplicate entry in historische_familiennamen.csv"
211516;"von Arx";"BS";"Basel";"Duplicate entry in historische_familiennamen.csv"
211517;"von Arx";"BS";"Basel";"Duplicate entry in historische_familiennamen.csv"
211518;"von Arx";"BS";"Basel";"Duplicate entry in historische_familiennamen.csv"
211519;"von Arx";"BS";"Basel";"Duplicate entry in historische_familiennamen.csv"
211520;"von Arx";"BS";"Basel";"Duplicate entry in historische_familiennamen.csv"
211521;"von Arx";"BS";"Basel";"Duplicate entry in historische_familiennamen.csv"
211522;"von Arx";"BS";"Basel";"Duplicate entry in historische_familiennamen.csv"
211523;"von Arx";"BS";"Basel";"Duplicate entry in historische_familiennamen.csv"
211524;"von Arx";"BS";"Basel";"Duplicate entry in historische_familiennamen.csv"
211525;"von Arx";"GE";"Genève";"Duplicate entry in historische_familiennamen.csv"
211526;"von Arx";"GE";"Genève";"Duplicate entry in historische_familiennamen.csv"
211527;"von Arx";"GE";"Genève";"Duplicate entry in historische_familiennamen.csv"
211528;"von Arx";"GE";"Lancy";"Duplicate entry in historische_familiennamen.csv"
211529;"von Arx";"GL";"Glarus";"Duplicate entry in historische_familiennamen.csv"
211530;"von Arx";"LU";"Luzern";"Duplicate entry in historische_familiennamen.csv"
211531;"von Arx";"NE";"Peseux";"Duplicate entry in historische_familiennamen.csv"
211532;"von Arx";"SO";"Dornach";"Duplicate entry in historische_familiennamen.csv"
211533;"von Arx";"SO";"Dulliken";"Duplicate entry in historische_familiennamen.csv"
211534;"von Arx";"SO";"Egerkingen";"Duplicate entry in historische_familiennamen.csv"
211535;"von Arx";"SO";"Gunzgen";"Duplicate entry in historische_familiennamen.csv"
211536;"von Arx";"SO";"Horriwil";"Duplicate entry in historische_familiennamen.csv"
211537;"von Arx";"SO";"Härkingen";"Duplicate entry in historische_familiennamen.csv"
211538;"von Arx";"SO";"Härkingen";"Duplicate entry in historische_familiennamen.csv"
211539;"von Arx";"SO";"Kestenholz";"Duplicate entry in historische_familiennamen.csv"
211540;"von Arx";"SO";"Kestenholz";"Duplicate entry in historische_familiennamen.csv"
211541;"von Arx";"SO";"Neuendorf";"Duplicate entry in historische_familiennamen.csv"
211542;"von Arx";"SO";"Neuendorf";"Duplicate entry in historische_familiennamen.csv"
211543;"von Arx";"SO";"Niederbuchsiten";"Duplicate entry in historische_familiennamen.csv"
211544;"von Arx";"SO";"Niedererlinsbach";"Duplicate entry in historische_familiennamen.csv"
211545;"von Arx";"SO";"Niedergösgen";"Duplicate entry in historische_familiennamen.csv"
211546;"von Arx";"SO";"Oberbuchsiten";"Duplicate entry in historische_familiennamen.csv"
211547;"von Arx";"SO";"Obererlinsbach";"Duplicate entry in historische_familiennamen.csv"
211548;"von Arx";"SO";"Obergösgen";"Duplicate entry in historische_familiennamen.csv"
211549;"von Arx";"SO";"Oensingen";"Duplicate entry in historische_familiennamen.csv"
211550;"von Arx";"SO";"Olten";"Duplicate entry in historische_familiennamen.csv"
211551;"von Arx";"SO";"Olten";"Duplicate entry in historische_familiennamen.csv"
211552;"von Arx";"SO";"Olten";"Duplicate entry in historische_familiennamen.csv"
211553;"von Arx";"SO";"Olten";"Duplicate entry in historische_familiennamen.csv"
211554;"von Arx";"SO";"Olten";"Duplicate entry in historische_familiennamen.csv"
211555;"von Arx";"SO";"Riedholz";"Duplicate entry in historische_familiennamen.csv"
211556;"von Arx";"SO";"Solothurn";"Duplicate entry in historische_familiennamen.csv"
211557;"von Arx";"SO";"Solothurn";"Duplicate entry in historische_familiennamen.csv"
211558;"von Arx";"SO";"Solothurn";"Duplicate entry in historische_familiennamen.csv"
211559;"von Arx";"SO";"Solothurn";"Duplicate entry in historische_familiennamen.csv"
211560;"von Arx";"SO";"Solothurn";"Duplicate entry in historische_familiennamen.csv"
211561;"von Arx";"SO";"Solothurn";"Duplicate entry in historische_familiennamen.csv"
211562;"von Arx";"SO";"Solothurn";"Duplicate entry in historische_familiennamen.csv"
211563;"von Arx";"SO";"Stüsslingen";"Duplicate entry in historische_familiennamen.csv"
211564;"von Arx";"SO";"Walterswil";"Duplicate entry in historische_familiennamen.csv"
211565;"von Arx";"SO";"Wangen bei Olten";"Duplicate entry in historische_familiennamen.csv"
211566;"von Arx";"SO";"Wangen bei Olten";"Duplicate entry in historische_familiennamen.csv"
211567;"von Arx";"SO";"Winznau";"Duplicate entry in historische_familiennamen.csv"
211568;"von Arx";"SO";"Wisen";"Duplicate entry in historische_familiennamen.csv"
211569;"von Arx";"SO";"Wolfwil";"Duplicate entry in historische_familiennamen.csv"
211570;"von Arx";"SO";"Wolfwil";"Duplicate entry in historische_familiennamen.csv"
211571;"von Arx";"SO";"Zullwil";"Duplicate entry in historische_familiennamen.csv"
211572;"von Arx";"VD";"Grens";"Duplicate entry in historische_familiennamen.csv"
211573;"von Arx";"VD";"Lausanne";"Duplicate entry in historische_familiennamen.csv"
211574;"von Arx";"ZH";"Adliswil";"Duplicate entry in historische_familiennamen.csv"
211575;"von Arx";"ZH";"Erlenbach";"Duplicate entry in historische_familiennamen.csv"
211576;"von Arx";"ZH";"Männedorf";"Duplicate entry in historische_familiennamen.csv"
211577;"von Arx";"ZH";"Regensberg";"Duplicate entry in historische_familiennamen.csv"
211578;"von Arx";"ZH";"Winterthur";"Duplicate entry in historische_familiennamen.csv"
211579;"von Arx";"ZH";"Winterthur";"Duplicate entry in historische_familiennamen.csv"
211580;"von Arx";"ZH";"Zürich";"Duplicate entry in historische_familiennamen.csv"
211581;"von Arx";"ZH";"Zürich";"Duplicate entry in historische_familiennamen.csv"
211582;"von Arx";"ZH";"Zürich";"Duplicate entry in historische_familiennamen.csv"
211583;"von Arx";"ZH";"Zürich";"Duplicate entry in historische_familiennamen.csv"
211584;"von Arx";"ZH";"Zürich";"Duplicate entry in historische_familiennamen.csv"
211585;"von Atzigen";"OW";"Alpnach";"Duplicate entry in historische_familiennamen.csv"
211586;"von Auw";"GE";"Genève";"Duplicate entry in historische_familiennamen.csv"
211587;"von Auw";"VD";"Morges";"Duplicate entry in historische_familiennamen.csv"
211588;"von Auw";"ZH";"Benken";"Duplicate entry in historische_familiennamen.csv"
211589;"von Babo";"SZ";"Steinen";"Duplicate entry in historische_familiennamen.csv"
211590;"von Bachmann alias Pacquement";"GL";"Näfels";"Duplicate entry in historische_familiennamen.csv"
211591;"von Ballmoos";"BE";"Heimiswil";"Duplicate entry in historische_familiennamen.csv"
211592;"von Ballmoos";"BE";"Reichenbach im Kandertal";"Duplicate entry in historische_familiennamen.csv"
211593;"von Ballmoos";"BE";"Rohrbachgraben";"Duplicate entry in historische_familiennamen.csv"
211594;"von Ballmoos";"BE";"Thunstetten";"Duplicate entry in historische_familiennamen.csv"
211595;"von Ballmoos";"BS";"Basel";"Duplicate entry in historische_familiennamen.csv"
211596;"von Ballmoos";"SO";"Oberramsern";"Duplicate entry in historische_familiennamen.csv"
211597;"von Ballmoos";"ZH";"Dübendorf";"Duplicate entry in historische_familiennamen.csv"
211598;"von Ballmoos";"ZH";"Wetzikon";"Duplicate entry in historische_familiennamen.csv"
211599;"von Bank";"ZH";"Zürich";"Duplicate entry in historische_familiennamen.csv"
211600;"von Bavier";"ZH";"Zürich";"Duplicate entry in historische_familiennamen.csv"
211601;"von Bayer";"SG";"Rorschach";"Duplicate entry in historische_familiennamen.csv"
211602;"von Behrens";"BE";"Grindelwald";"Duplicate entry in historische_familiennamen.csv"
211603;"von Below";"BE";"Bern";"Duplicate entry in historische_familiennamen.csv"
211604;"von Benoit";"BE";"Bern";"Duplicate entry in historische_familiennamen.csv"
211605;"von Bergen";"BE";"Bern";"Duplicate entry in historische_familiennamen.csv"
211606;"von Bergen";"BE";"Biel";"Duplicate entry in historische_familiennamen.csv"
211607;"von Bergen";"BE";"Guttannen";"Duplicate entry in historische_familiennamen.csv"
211608;"von Bergen";"BE";"Hasliberg";"Duplicate entry in historische_familiennamen.csv"
211609;"von Bergen";"BE";"Langenthal";"Duplicate entry in historische_familiennamen.csv"
211610;"von Bergen";"BE";"Meiringen";"Duplicate entry in historische_familiennamen.csv"
211611;"von Bergen";"BE";"Oberried am Brienzersee";"Duplicate entry in historische_familiennamen.csv"
211612;"von Bergen";"BE";"Schattenhalb";"Duplicate entry in historische_familiennamen.csv"
211613;"von Bergen";"BE";"Unterseen";"Duplicate entry in historische_familiennamen.csv"
211614;"von Bergen";"BS";"Basel";"Duplicate entry in historische_familiennamen.csv"
211615;"von Bergen";"GE";"Genève";"Duplicate entry in historische_familiennamen.csv"
211616;"von Bergen";"ZH";"Winterthur";"Duplicate entry in historische_familiennamen.csv"
211617;"von Bergen";"ZH";"Winterthur";"Duplicate entry in historische_familiennamen.csv"
211618;"von Bergen";"ZH";"Zürich";"Duplicate entry in historische_familiennamen.csv"
211619;"von Bertrab";"AG";"Aarau";"Duplicate entry in historische_familiennamen.csv"
211620;"von Bertrab";"BE";"Boltigen";"Duplicate entry in historische_familiennamen.csv"
211621;"von Beust";"ZH";"Zürich";"Duplicate entry in historische_familiennamen.csv"
211622;"von Beyer";"TI";"Muralto";"Duplicate entry in historische_familiennamen.csv"
211623;"von Bidder";"BS";"Basel";"Duplicate entry in historische_familiennamen.csv"
211624;"von Bidder";"GE";"Genève";"Duplicate entry in historische_familiennamen.csv"
211625;"von Blarer";"BL";"Aesch";"Duplicate entry in historische_familiennamen.csv"
211626;"von Boletzky";"BS";"Basel";"Duplicate entry in historische_familiennamen.csv"
211627;"von Bondeli";"BE";"Bern";"Duplicate entry in historische_familiennamen.csv"
211628;"von Bondeli";"NE";"Neuchâtel";"Duplicate entry in historische_familiennamen.csv"
211629;"von Bonstetten";"BE";"Bern";"Duplicate entry in historische_familiennamen.csv"
211630;"von Borck";"BS";"Basel";"Duplicate entry in historische_familiennamen.csv"
211631;"von Briel";"BS";"Basel";"Duplicate entry in historische_familiennamen.csv"
211632;"von Briel";"ZH";"Zürich";"Duplicate entry in historische_familiennamen.csv"
211633;"von Brodowski";"AG";"Baden";"Duplicate entry in historische_familiennamen.csv"
211634;"von Brunn";"BS";"Basel";"Duplicate entry in historische_familiennamen.csv"
211635;"von Brunn";"ZH";"Zürich";"Duplicate entry in historische_familiennamen.csv"
211636;"von Bulmerincq";"ZH";"Zürich";"Duplicate entry in historische_familiennamen.csv"
211637;"von Buol";"AG";"Kaiserstuhl";"Duplicate entry in historische_familiennamen.csv"
211638;"von Burg";"BS";"Basel";"Duplicate entry in historische_familiennamen.csv"
211639;"von Burg";"SO";"Balsthal";"Duplicate entry in historische_familiennamen.csv"
211640;"von Burg";"SO";"Bettlach";"Duplicate entry in historische_familiennamen.csv"
211641;"von Burg";"SO";"Grenchen";"Duplicate entry in historische_familiennamen.csv"
211642;"von Burg";"SO";"Lommiswil";"Duplicate entry in historische_familiennamen.csv"
211643;"von Burg";"SO";"Mümliswil-Ramiswil";"Duplicate entry in historische_familiennamen.csv"
211644;"von Burg";"SO";"Selzach";"Duplicate entry in historische_familiennamen.csv"
211645;"von Burg";"SO";"Solothurn";"Duplicate entry in historische_familiennamen.csv"
211646;"von Burg";"SO";"Solothurn";"Duplicate entry in historische_familiennamen.csv"
211647;"von Burg";"SO";"Wisen";"Duplicate entry in historische_familiennamen.csv"
211648;"von Burg";"ZH";"Zürich";"Duplicate entry in historische_familiennamen.csv"
211649;"von Burg";"ZH";"Zürich";"Duplicate entry in historische_familiennamen.csv"
211650;"von Bülow";"TI";"Novazzano";"Duplicate entry in historische_familiennamen.csv"
211651;"von Bülow-Köster";"BS";"Basel";"Duplicate entry in historische_familiennamen.csv"
211652;"von Büren";"BE";"Bern";"Duplicate entry in historische_familiennamen.csv"
211653;"von Büren";"BE";"Grossaffoltern";"Duplicate entry in historische_familiennamen.csv"
211654;"von Büren";"BS";"Basel";"Duplicate entry in historische_familiennamen.csv"
211655;"von Büren";"BS";"Basel";"Duplicate entry in historische_familiennamen.csv"
211656;"von Büren";"BS";"Basel";"Duplicate entry in historische_familiennamen.csv"
211657;"von Büren";"BS";"Basel";"Duplicate entry in historische_familiennamen.csv"
211658;"von Büren";"BS";"Basel";"Duplicate entry in historische_familiennamen.csv"
211659;"von Büren";"BS";"Basel";"Duplicate entry in historische_familiennamen.csv"
211660;"von Büren";"GE";"Genève";"Duplicate entry in historische_familiennamen.csv"
211661;"von Büren";"LU";"Beromünster";"Duplicate entry in historische_familiennamen.csv"
211662;"von Büren";"LU";"Emmen";"Duplicate entry in historische_familiennamen.csv"
211663;"von Büren";"NE";"Le Locle";"Duplicate entry in historische_familiennamen.csv"
211664;"von Büren";"NE";"Le Locle";"Duplicate entry in historische_familiennamen.csv"
211665;"von Büren";"NE";"Môtiers";"Duplicate entry in historische_familiennamen.csv"
211666;"von Büren";"NE";"Neuchâtel";"Duplicate entry in historische_familiennamen.csv"
211667;"von Büren";"NW";"Buochs";"Duplicate entry in historische_familiennamen.csv"
211668;"von Büren";"NW";"Ennetmoos";"Duplicate entry in historische_familiennamen.csv"
211669;"von Büren";"NW";"Stansstad";"Duplicate entry in historische_familiennamen.csv"
211670;"von Büren";"SO";"Flumenthal";"Duplicate entry in historische_familiennamen.csv"
211671;"von Büren";"SO";"Oberdorf";"Duplicate entry in historische_familiennamen.csv"
211672;"von Büren";"SO";"Riedholz";"Duplicate entry in historische_familiennamen.csv"
211673;"von Büren";"SO";"Rüttenen";"Duplicate entry in historische_familiennamen.csv"
211674;"von Büren";"SO";"Solothurn";"Duplicate entry in historische_familiennamen.csv"
211675;"von Büren";"SO";"Solothurn";"Duplicate entry in historische_familiennamen.csv"
211676;"von Büren";"SO";"Zuchwil";"Duplicate entry in historische_familiennamen.csv"
211677;"von Büren";"ZH";"Bubikon";"Duplicate entry in historische_familiennamen.csv"
211678;"von Büren";"ZH";"Zürich";"Duplicate entry in historische_familiennamen.csv"
211679;"von Büren";"ZH";"Zürich";"Duplicate entry in historische_familiennamen.csv"
211680;"von Büren";"ZH";"Zürich";"Duplicate entry in historische_familiennamen.csv"
211681;"von Capeller";"BS";"Riehen";"Duplicate entry in historische_familiennamen.csv"
211682;"von Castelmur";"BS";"Basel";"Duplicate entry in historische_familiennamen.csv"
211683;"von Crayen";"LU";"Büron";"Duplicate entry in historische_familiennamen.csv"
211684;"von Crayen";"LU";"Luzern";"Duplicate entry in historische_familiennamen.csv"
211685;"von Dach";"BE";"Buchholterberg";"Duplicate entry in historische_familiennamen.csv"
211686;"von Dach";"BE";"Grossaffoltern";"Duplicate entry in historische_familiennamen.csv"
211687;"von Dach";"BE";"Lyss";"Duplicate entry in historische_familiennamen.csv"
211688;"von Dach";"GE";"Genève";"Duplicate entry in historische_familiennamen.csv"
211689;"von Dach";"ZH";"Lindau";"Duplicate entry in historische_familiennamen.csv"
211690;"von Dach";"ZH";"Wallisellen";"Duplicate entry in historische_familiennamen.csv"
211691;"von Dach";"ZH";"Zürich";"Duplicate entry in historische_familiennamen.csv"
211692;"von Dechend";"BS";"Basel";"Duplicate entry in historische_familiennamen.csv"
211693;"von den Steinen";"BS";"Riehen";"Duplicate entry in historische_familiennamen.csv"
211694;"von der Aa";"AG";"Sins";"Duplicate entry in historische_familiennamen.csv"
211695;"von der Aa";"VD";"Lausanne";"Duplicate entry in historische_familiennamen.csv"
211696;"von der Aa";"VD";"Vevey";"Duplicate entry in historische_familiennamen.csv"
211697;"von der Crone";"BS";"Basel";"Duplicate entry in historische_familiennamen.csv"
211698;"von der Crone";"ZH";"Glattfelden";"Duplicate entry in historische_familiennamen.csv"
211699;"von der Crone";"ZH";"Russikon";"Duplicate entry in historische_familiennamen.csv"
211700;"von der Crone";"ZH";"Stäfa";"Duplicate entry in historische_familiennamen.csv"
211701;"von der Crone";"ZH";"Urdorf";"Duplicate entry in historische_familiennamen.csv"
211702;"von der Crone";"ZH";"Zürich";"Duplicate entry in historische_familiennamen.csv"
211703;"von der Crone";"ZH";"Zürich";"Duplicate entry in historische_familiennamen.csv"
211704;"von der Goltz";"TI";"Massagno";"Duplicate entry in historische_familiennamen.csv"
211705;"von der Heiden";"UR";"Andermatt";"Duplicate entry in historische_familiennamen.csv"
211706;"Von der Mühll";"VD";"Lausanne";"Duplicate entry in historische_familiennamen.csv"
211707;"Von der Mühll";"VD";"Payerne";"Duplicate entry in historische_familiennamen.csv"
211708;"von der Pahlen";"ZH";"Langnau am Albis";"Duplicate entry in historische_familiennamen.csv"
211709;"von der Weid";"FR";"Fribourg";"Duplicate entry in historische_familiennamen.csv"
211710;"von Deschwanden";"BE";"Bern";"Duplicate entry in historische_familiennamen.csv"
211711;"von Deschwanden";"BS";"Basel";"Duplicate entry in historische_familiennamen.csv"
211712;"von Deschwanden";"LU";"Luzern";"Duplicate entry in historische_familiennamen.csv"
211713;"von Deschwanden";"OW";"Giswil";"Duplicate entry in historische_familiennamen.csv"
211714;"von Deschwanden";"OW";"Kerns";"Duplicate entry in historische_familiennamen.csv"
211715;"von Droste Hülshoff";"AG";"Böttstein";"Duplicate entry in historische_familiennamen.csv"
211716;"von Dunker";"ZH";"Fischenthal";"Duplicate entry in historische_familiennamen.csv"
211717;"von Däniken";"BS";"Basel";"Duplicate entry in historische_familiennamen.csv"
211718;"von Däniken";"LU";"Luzern";"Duplicate entry in historische_familiennamen.csv"
211719;"von Däniken";"SO";"Kestenholz";"Duplicate entry in historische_familiennamen.csv"
211720;"von Däniken";"SO";"Niedererlinsbach";"Duplicate entry in historische_familiennamen.csv"
211721;"von Däniken";"SO";"Niedergösgen";"Duplicate entry in historische_familiennamen.csv"
211722;"von Däniken";"SO";"Obererlinsbach";"Duplicate entry in historische_familiennamen.csv"
211723;"von Däniken";"SO";"Solothurn";"Duplicate entry in historische_familiennamen.csv"
211724;"von Däniken";"SO";"Stüsslingen";"Duplicate entry in historische_familiennamen.csv"
211725;"von Däniken";"SO";"Subingen";"Duplicate entry in historische_familiennamen.csv"
211726;"von Däniken";"ZH";"Männedorf";"Duplicate entry in historische_familiennamen.csv"
211727;"von Däniken";"ZH";"Winterthur";"Duplicate entry in historische_familiennamen.csv"
211728;"von Eggis";"FR";"Fribourg";"Duplicate entry in historische_familiennamen.csv"
211729;"von Ehrenberg";"LU";"Luzern";"Duplicate entry in historische_familiennamen.csv"
211730;"von Ehrenberg";"ZH";"Zürich";"Duplicate entry in historische_familiennamen.csv"
211731;"von Eichthal";"GE";"Genève";"Duplicate entry in historische_familiennamen.csv"
211732;"von Erlach";"BE";"Bern";"Duplicate entry in historische_familiennamen.csv"
211733;"von Erlach";"NE";"Neuchâtel";"Duplicate entry in historische_familiennamen.csv"
211734;"von Ernst";"BE";"Bern";"Duplicate entry in historische_familiennamen.csv"
211735;"von Escher";"BE";"Bern";"Duplicate entry in historische_familiennamen.csv"
211736;"von Escher";"ZH";"Zürich";"Duplicate entry in historische_familiennamen.csv"
211737;"von Euw";"BS";"Basel";"Duplicate entry in historische_familiennamen.csv"
211738;"von Euw";"LU";"Luzern";"Duplicate entry in historische_familiennamen.csv"
211739;"von Euw";"SZ";"Alpthal";"Duplicate entry in historische_familiennamen.csv"
211740;"von Euw";"SZ";"Lauerz";"Duplicate entry in historische_familiennamen.csv"
211741;"von Euw";"SZ";"Morschach";"Duplicate entry in historische_familiennamen.csv"
211742;"von Euw";"SZ";"Rothenthurm";"Duplicate entry in historische_familiennamen.csv"
211743;"von Euw";"SZ";"Schwyz";"Duplicate entry in historische_familiennamen.csv"
211744;"von Euw";"ZH";"Oberglatt";"Duplicate entry in historische_familiennamen.csv"
211745;"von Euw";"ZH";"Winterthur";"Duplicate entry in historische_familiennamen.csv"
211746;"von Euw";"ZH";"Zollikon";"Duplicate entry in historische_familiennamen.csv"
211747;"von Euw";"ZH";"Zürich";"Duplicate entry in historische_familiennamen.csv"
211748;"von Euw";"ZH";"Zürich";"Duplicate entry in historische_familiennamen.csv"
211749;"von Euw";"ZH";"Zürich";"Duplicate entry in historische_familiennamen.csv"
211750;"von Fadgyas";"AG";"Aarau";"Duplicate entry in historische_familiennamen.csv"
211751;"von Falkenstein";"AG";"Aarau";"Duplicate entry in historische_familiennamen.csv"
211752;"von Famintzin";"SG";"St. Gallen";"Duplicate entry in historische_familiennamen.csv"
211753;"von Famintzin";"ZH";"Zürich";"Duplicate entry in historische_familiennamen.csv"
211754;"von Felbert";"BE";"Burgdorf";"Duplicate entry in historische_familiennamen.csv"
211755;"von Felbert";"SO";"Olten";"Duplicate entry in historische_familiennamen.csv"
211756;"von Fellenberg";"BE";"Bern";"Duplicate entry in historische_familiennamen.csv"
211757;"von Fellenberg";"SO";"Bolken";"Duplicate entry in historische_familiennamen.csv"
211758;"von Felten";"BS";"Basel";"Duplicate entry in historische_familiennamen.csv"
211759;"von Felten";"GE";"Genève";"Duplicate entry in historische_familiennamen.csv"
211760;"von Felten";"SO";"Kestenholz";"Duplicate entry in historische_familiennamen.csv"
211761;"von Felten";"SO";"Niedererlinsbach";"Duplicate entry in historische_familiennamen.csv"
211762;"von Felten";"SO";"Obererlinsbach";"Duplicate entry in historische_familiennamen.csv"
211763;"von Felten";"SO";"Olten";"Duplicate entry in historische_familiennamen.csv"
211764;"von Felten";"SO";"Winznau";"Duplicate entry in historische_familiennamen.csv"
211765;"von Fischer";"BE";"Bern";"Duplicate entry in historische_familiennamen.csv"
211766;"von Fischer";"VD";"Montherod";"Duplicate entry in historische_familiennamen.csv"
211767;"von Fliedner";"SH";"Beringen";"Duplicate entry in historische_familiennamen.csv"
211768;"von Flüe";"LU";"Luzern";"Duplicate entry in historische_familiennamen.csv"
211769;"von Flüe";"OW";"Kerns";"Duplicate entry in historische_familiennamen.csv"
211770;"von Flüe";"OW";"Sachseln";"Duplicate entry in historische_familiennamen.csv"
211771;"von Flüe";"ZH";"Zürich";"Duplicate entry in historische_familiennamen.csv"
211772;"von Frankenberg und Ludwigsdorf";"BL";"Läufelfingen";"Duplicate entry in historische_familiennamen.csv"
211773;"von Franz";"ZH";"Zürich";"Duplicate entry in historische_familiennamen.csv"
211774;"von Freudenreich";"BE";"Bern";"Duplicate entry in historische_familiennamen.csv"
211775;"von Freudenreich";"VD";"Monnaz";"Duplicate entry in historische_familiennamen.csv"
211776;"von Frisching";"BE";"Bern";"Duplicate entry in historische_familiennamen.csv"
211777;"von Gabain";"BS";"Basel";"Duplicate entry in historische_familiennamen.csv"
211778;"von Geymüller";"BS";"Basel";"Duplicate entry in historische_familiennamen.csv"
211779;"von Glenk";"BL";"Pratteln";"Duplicate entry in historische_familiennamen.csv"
211780;"von Goldschmidt";"BS";"Riehen";"Duplicate entry in historische_familiennamen.csv"
211781;"von Goldschmidt-Rothschild";"BS";"Basel";"Duplicate entry in historische_familiennamen.csv"
211782;"von Goltz";"BE";"Erlach";"Duplicate entry in historische_familiennamen.csv"
211783;"von Gonzenbach";"BE";"Muri bei Bern";"Duplicate entry in historische_familiennamen.csv"
211784;"von Gonzenbach";"TG";"Hauptwil";"Duplicate entry in historische_familiennamen.csv"
211785;"von Goumoëns";"BE";"Bern";"Duplicate entry in historische_familiennamen.csv"
211786;"von Goumoëns";"VD";"Lausanne";"Duplicate entry in historische_familiennamen.csv"
211787;"von Graefl";"ZH";"Winterthur";"Duplicate entry in historische_familiennamen.csv"
211788;"von Graffenried";"BE";"Bern";"Duplicate entry in historische_familiennamen.csv"
211789;"von Graffenried";"BE";"La Neuveville";"Duplicate entry in historische_familiennamen.csv"
211790;"von Graffenried";"GE";"Genève";"Duplicate entry in historische_familiennamen.csv"
211791;"von Grebel";"ZH";"Zürich";"Duplicate entry in historische_familiennamen.csv"
211792;"von Grenus";"BE";"Bern";"Duplicate entry in historische_familiennamen.csv"
211793;"von Grenus";"GE";"Genève";"Duplicate entry in historische_familiennamen.csv"
211794;"von Grenus";"VD";"Morges";"Duplicate entry in historische_familiennamen.csv"
211795;"von Greyerz";"BE";"Bern";"Duplicate entry in historische_familiennamen.csv"
211796;"von Grolman";"BS";"Basel";"Duplicate entry in historische_familiennamen.csv"
211797;"von Gross";"BE";"Bern";"Duplicate entry in historische_familiennamen.csv"
211798;"von Grünigen";"BE";"Saanen";"Duplicate entry in historische_familiennamen.csv"
211799;"von Grünigen";"GE";"Genève";"Duplicate entry in historische_familiennamen.csv"
211800;"von Grünigen";"ZH";"Winterthur";"Duplicate entry in historische_familiennamen.csv"
211801;"von Gunten";"BE";"Münchenbuchsee";"Duplicate entry in historische_familiennamen.csv"
211802;"von Gunten";"BE";"Rohrbach";"Duplicate entry in historische_familiennamen.csv"
211803;"von Gunten";"BE";"Sigriswil";"Duplicate entry in historische_familiennamen.csv"
211804;"von Gunten";"BS";"Basel";"Duplicate entry in historische_familiennamen.csv"
211805;"von Gunten";"BS";"Basel";"Duplicate entry in historische_familiennamen.csv"
211806;"von Gunten";"GE";"Bardonnex";"Duplicate entry in historische_familiennamen.csv"
211807;"von Gunten";"GE";"Genève";"Duplicate entry in historische_familiennamen.csv"
211808;"von Gunten";"GE";"Russin";"Duplicate entry in historische_familiennamen.csv"
211809;"von Gunten";"JU";"Alle";"Duplicate entry in historische_familiennamen.csv"
211810;"von Gunten";"NE";"Boudevilliers";"Duplicate entry in historische_familiennamen.csv"
211811;"von Gunten";"NE";"Môtiers";"Duplicate entry in historische_familiennamen.csv"
211812;"von Gunten";"NE";"Neuchâtel";"Duplicate entry in historische_familiennamen.csv"
211813;"von Gunten";"VD";"Chamblon";"Duplicate entry in historische_familiennamen.csv"
211814;"von Gunten";"VD";"Lausanne";"Duplicate entry in historische_familiennamen.csv"
211815;"von Gunten";"VD";"Puidoux";"Duplicate entry in historische_familiennamen.csv"
211816;"von Gunten";"ZH";"Uetikon am See";"Duplicate entry in historische_familiennamen.csv"
211817;"von Gunten";"ZH";"Zürich";"Duplicate entry in historische_familiennamen.csv"
211818;"von Götzen";"ZH";"Zürich";"Duplicate entry in historische_familiennamen.csv"
211819;"von Hagemeister";"BE";"Bern";"Duplicate entry in historische_familiennamen.csv"
211820;"von Hagemeister";"VD";"Payerne";"Duplicate entry in historische_familiennamen.csv"
211821;"von Hagemeister";"VD";"Yverdon";"Duplicate entry in historische_familiennamen.csv"
211822;"von Halle";"TG";"Kefikon";"Duplicate entry in historische_familiennamen.csv"
211823;"von Haller";"BE";"Bern";"Duplicate entry in historische_familiennamen.csv"
211824;"von Hallwyl";"AG";"Brugg";"Duplicate entry in historische_familiennamen.csv"
211825;"von Hallwyl";"BE";"Bern";"Duplicate entry in historische_familiennamen.csv"
211826;"von Heeren";"TG";"Frauenfeld";"Duplicate entry in historische_familiennamen.csv"
211827;"von Hein";"AG";"Aarau";"Duplicate entry in historische_familiennamen.csv"
211828;"von Heininger";"BE";"Eriswil";"Duplicate entry in historische_familiennamen.csv"
211829;"von Heininger";"BE";"Gondiswil";"Duplicate entry in historische_familiennamen.csv"
211830;"von Herrenschwand";"BE";"Bern";"Duplicate entry in historische_familiennamen.csv"
211831;"von Herrenschwand";"FR";"Murten";"Duplicate entry in historische_familiennamen.csv"
211832;"von Herzer";"ZH";"Elgg";"Duplicate entry in historische_familiennamen.csv"
211833;"von Herzer";"ZH";"Stallikon";"Duplicate entry in historische_familiennamen.csv"
211834;"von Hettlingen";"SZ";"Schwyz";"Duplicate entry in historische_familiennamen.csv"
211835;"von Heugel";"BE";"Innertkirchen";"Duplicate entry in historische_familiennamen.csv"
211836;"von Heuser";"ZH";"Winterthur";"Duplicate entry in historische_familiennamen.csv"
211837;"von Heydebrand";"SO";"Gänsbrunnen";"Duplicate entry in historische_familiennamen.csv"
211838;"von Hirsch";"BS";"Basel";"Duplicate entry in historische_familiennamen.csv"
211839;"von Hoerschelmann";"ZH";"Zürich";"Duplicate entry in historische_familiennamen.csv"
211840;"von Hoffmann";"LU";"Luzern";"Duplicate entry in historische_familiennamen.csv"
211841;"von Hoffmann";"SG";"Rorschach";"Duplicate entry in historische_familiennamen.csv"
211842;"von Holst";"TG";"Kreuzlingen";"Duplicate entry in historische_familiennamen.csv"
211843;"von Holten";"FR";"Fribourg";"Duplicate entry in historische_familiennamen.csv"
211844;"von Holten";"FR";"Pont (Veveyse)";"Duplicate entry in historische_familiennamen.csv"
211845;"von Holzen";"LU";"Luzern";"Duplicate entry in historische_familiennamen.csv"
211846;"von Holzen";"NW";"Buochs";"Duplicate entry in historische_familiennamen.csv"
211847;"von Holzen";"NW";"Ennetbürgen";"Duplicate entry in historische_familiennamen.csv"
211848;"von Holzen";"ZH";"Zürich";"Duplicate entry in historische_familiennamen.csv"
211849;"von Hornung";"BS";"Basel";"Duplicate entry in historische_familiennamen.csv"
211850;"von Hospenthal";"LU";"Luzern";"Duplicate entry in historische_familiennamen.csv"
211851;"von Hospenthal";"SZ";"Arth";"Duplicate entry in historische_familiennamen.csv"
211852;"von Hospenthal";"ZH";"Zürich";"Duplicate entry in historische_familiennamen.csv"
211853;"von Hoven";"BE";"Bern";"Duplicate entry in historische_familiennamen.csv"
211854;"von Hoven";"BE";"Renan";"Duplicate entry in historische_familiennamen.csv"
211855;"von Hoven";"BE";"Schelten";"Duplicate entry in historische_familiennamen.csv"
211856;"von Hoven";"GE";"Genève";"Duplicate entry in historische_familiennamen.csv"
211857;"von Huben";"AG";"Uerkheim";"Duplicate entry in historische_familiennamen.csv"
211858;"von Huben";"BS";"Basel";"Duplicate entry in historische_familiennamen.csv"
211859;"von Hurter-Ammann";"SH";"Schaffhausen";"Duplicate entry in historische_familiennamen.csv"
211860;"von Ins";"BE";"Oberbipp";"Duplicate entry in historische_familiennamen.csv"
211861;"von Ins";"SO";"Olten";"Duplicate entry in historische_familiennamen.csv"
211862;"von Jenner";"BE";"Bern";"Duplicate entry in historische_familiennamen.csv"
211863;"von Kaenel";"BE";"Frutigen";"Duplicate entry in historische_familiennamen.csv"
211864;"von Kaenel";"BE";"Gadmen";"Duplicate entry in historische_familiennamen.csv"
211865;"von Kaenel";"NE";"La Chaux-de-Fonds";"Duplicate entry in historische_familiennamen.csv"
211866;"von Kager";"VS";"Brigerbad";"Duplicate entry in historische_familiennamen.csv"
211867;"von Kayser";"TG";"Kreuzlingen";"Duplicate entry in historische_familiennamen.csv"
211868;"von Keller";"ZH";"Zürich";"Duplicate entry in historische_familiennamen.csv"
211869;"von Keller";"ZH";"Zürich";"Duplicate entry in historische_familiennamen.csv"
211870;"von Krannichfeldt";"TI";"Iseo";"Duplicate entry in historische_familiennamen.csv"
211871;"von Künsberg-Langenstadt";"BS";"Basel";"Duplicate entry in historische_familiennamen.csv"
211872;"von Känel";"BE";"Aeschi bei Spiez";"Duplicate entry in historische_familiennamen.csv"
211873;"von Känel";"BE";"Bern";"Duplicate entry in historische_familiennamen.csv"
211874;"von Känel";"BE";"Grafenried";"Duplicate entry in historische_familiennamen.csv"
211875;"von Känel";"BE";"La Ferrière";"Duplicate entry in historische_familiennamen.csv"
211876;"von Känel";"BE";"Reichenbach im Kandertal";"Duplicate entry in historische_familiennamen.csv"
211877;"von Känel";"BE";"Wimmis";"Duplicate entry in historische_familiennamen.csv"
211878;"von Känel";"BS";"Basel";"Duplicate entry in historische_familiennamen.csv"
211879;"von Känel";"GE";"Genève";"Duplicate entry in historische_familiennamen.csv"
211880;"von Känel";"NE";"La Chaux-de-Fonds";"Duplicate entry in historische_familiennamen.csv"
211881;"von Känel";"NE";"Le Locle";"Duplicate entry in historische_familiennamen.csv"
211882;"von Känel";"NE";"Les Bayards";"Duplicate entry in historische_familiennamen.csv"
211883;"von Känel";"NE";"Les Brenets";"Duplicate entry in historische_familiennamen.csv"
211884;"von Känel";"NE";"Neuchâtel";"Duplicate entry in historische_familiennamen.csv"
211885;"von Känel";"VD";"Château-d'Oex";"Duplicate entry in historische_familiennamen.csv"
211886;"von Känel";"VD";"Lausanne";"Duplicate entry in historische_familiennamen.csv"
211887;"von Känel";"VD";"Vevey";"Duplicate entry in historische_familiennamen.csv"
211888;"von Känel";"ZH";"Zürich";"Duplicate entry in historische_familiennamen.csv"
211889;"von Känel";"ZH";"Zürich";"Duplicate entry in historische_familiennamen.csv"
211890;"von Känel";"ZH";"Zürich";"Duplicate entry in historische_familiennamen.csv"
211891;"von Känel dit Chenaud";"GE";"Genève";"Duplicate entry in historische_familiennamen.csv"
211892;"von Langen";"SO";"Günsberg";"Duplicate entry in historische_familiennamen.csv"
211893;"von Lanthen";"NE";"Boveresse";"Duplicate entry in historische_familiennamen.csv"
211894;"von Lerber";"BE";"Bern";"Duplicate entry in historische_familiennamen.csv"
211895;"von Lerber";"ZH";"Winterthur";"Duplicate entry in historische_familiennamen.csv"
211896;"von Lerber";"ZH";"Zürich";"Duplicate entry in historische_familiennamen.csv"
211897;"von Liliencron";"ZH";"Zürich";"Duplicate entry in historische_familiennamen.csv"
211898;"von Lilienkron";"SH";"Schaffhausen";"Duplicate entry in historische_familiennamen.csv"
211899;"von Lorentz";"ZH";"Zürich";"Duplicate entry in historische_familiennamen.csv"
211900;"von Luternau";"BE";"Bern";"Duplicate entry in historische_familiennamen.csv"
211901;"von Malm";"VD";"Cuarny";"Duplicate entry in historische_familiennamen.csv"
211902;"von Mandach";"BE";"Bern";"Duplicate entry in historische_familiennamen.csv"
211903;"von Mandach";"SH";"Schaffhausen";"Duplicate entry in historische_familiennamen.csv"
211904;"von Martini";"TG";"Frauenfeld";"Duplicate entry in historische_familiennamen.csv"
211905;"von Matt";"BS";"Basel";"Duplicate entry in historische_familiennamen.csv"
211906;"von Matt";"LU";"Luzern";"Duplicate entry in historische_familiennamen.csv"
211907;"von Matt";"NW";"Stans";"Duplicate entry in historische_familiennamen.csv"
211908;"von Matt";"ZH";"Zürich";"Duplicate entry in historische_familiennamen.csv"
211909;"von May";"BE";"Bern";"Duplicate entry in historische_familiennamen.csv"
211910;"von Meiss";"ZH";"Zürich";"Duplicate entry in historische_familiennamen.csv"
211911;"von Mentlen";"UR";"Erstfeld";"Duplicate entry in historische_familiennamen.csv"
211912;"von Mérey";"ZG";"Neuheim";"Duplicate entry in historische_familiennamen.csv"
211913;"von Meyenburg";"SH";"Schaffhausen";"Duplicate entry in historische_familiennamen.csv"
211914;"von Meyenburg";"ZH";"Herrliberg";"Duplicate entry in historische_familiennamen.csv"
211915;"von Meyenburg";"ZH";"Zürich";"Duplicate entry in historische_familiennamen.csv"
211916;"von Moos";"LU";"Emmen";"Duplicate entry in historische_familiennamen.csv"
211917;"von Moos";"LU";"Kriens";"Duplicate entry in historische_familiennamen.csv"
211918;"von Moos";"LU";"Luzern";"Duplicate entry in historische_familiennamen.csv"
211919;"von Moos";"LU";"Luzern";"Duplicate entry in historische_familiennamen.csv"
211920;"von Moos";"OW";"Sachseln";"Duplicate entry in historische_familiennamen.csv"
211921;"von Moos";"ZH";"Zürich";"Duplicate entry in historische_familiennamen.csv"
211922;"von Morlot";"BE";"Bern";"Duplicate entry in historische_familiennamen.csv"
211923;"von Muralt";"BE";"Bern";"Duplicate entry in historische_familiennamen.csv"
211924;"von Muralt";"TG";"Hohentannen";"Duplicate entry in historische_familiennamen.csv"
211925;"von Muralt";"TI";"Locarno";"Duplicate entry in historische_familiennamen.csv"
211926;"von Muralt";"TI";"Locarno";"Duplicate entry in historische_familiennamen.csv"
211927;"von Muralt";"VD";"Montreux";"Duplicate entry in historische_familiennamen.csv"
211928;"von Muralt";"ZH";"Zürich";"Duplicate entry in historische_familiennamen.csv"
211929;"von Mussmann";"BE";"Bern";"Duplicate entry in historische_familiennamen.csv"
211930;"von Mutach";"BE";"Bern";"Duplicate entry in historische_familiennamen.csv"
211931;"von Mutzenbecher";"BS";"Riehen";"Duplicate entry in historische_familiennamen.csv"
211932;"von Mühlenen";"BE";"Bern";"Duplicate entry in historische_familiennamen.csv"
211933;"von Mühlenen";"BE";"Boltigen";"Duplicate entry in historische_familiennamen.csv"
211934;"von Mühlenen";"BE";"Lenk";"Duplicate entry in historische_familiennamen.csv"
211935;"von Mühlenen";"GE";"Genève";"Duplicate entry in historische_familiennamen.csv"
211936;"von Mülinen";"BE";"Bern";"Duplicate entry in historische_familiennamen.csv"
211937;"von Müllenen";"GE";"Thônex";"Duplicate entry in historische_familiennamen.csv"
211938;"von Müller";"BE";"Bern";"Duplicate entry in historische_familiennamen.csv"
211939;"von Müller";"FR";"Düdingen";"Duplicate entry in historische_familiennamen.csv"
211940;"von Müller";"SZ";"Schwyz";"Duplicate entry in historische_familiennamen.csv"
211941;"von Müllinen";"AG";"Brugg";"Duplicate entry in historische_familiennamen.csv"
211942;"von Möllendorff";"TI";"Mosogno";"Duplicate entry in historische_familiennamen.csv"
211943;"von Niederhäusern";"BE";"Bern";"Duplicate entry in historische_familiennamen.csv"
211944;"von Niederhäusern";"BE";"Nidau";"Duplicate entry in historische_familiennamen.csv"
211945;"von Niederhäusern";"BE";"Riggisberg";"Duplicate entry in historische_familiennamen.csv"
211946;"von Niederhäusern";"BE";"Rüti bei Riggisberg";"Duplicate entry in historische_familiennamen.csv"
211947;"von Niederhäusern";"BE";"Wahlern";"Duplicate entry in historische_familiennamen.csv"
211948;"von Niederhäusern";"BE";"Wattenwil";"Duplicate entry in historische_familiennamen.csv"
211949;"von Niederhäusern";"BS";"Basel";"Duplicate entry in historische_familiennamen.csv"
211950;"von Niederhäusern";"GE";"Genève";"Duplicate entry in historische_familiennamen.csv"
211951;"von Niederhäusern";"LU";"Luzern";"Duplicate entry in historische_familiennamen.csv"
211952;"von Niederhäusern";"NE";"Neuchâtel";"Duplicate entry in historische_familiennamen.csv"
211953;"von Niederhäusern";"SO";"Olten";"Duplicate entry in historische_familiennamen.csv"
211954;"von Okolski";"SG";"Uzwil";"Duplicate entry in historische_familiennamen.csv"
211955;"von Orelli";"BS";"Basel";"Duplicate entry in historische_familiennamen.csv"
211956;"von Orelli";"TI";"Locarno";"Duplicate entry in historische_familiennamen.csv"
211957;"von Orelli";"ZH";"Zürich";"Duplicate entry in historische_familiennamen.csv"
211958;"von Ostheim";"ZH";"Zürich";"Duplicate entry in historische_familiennamen.csv"
211959;"von Overbeck";"FR";"Zumholz";"Duplicate entry in historische_familiennamen.csv"
211960;"von Ow";"BL";"Buckten";"Duplicate entry in historische_familiennamen.csv"
211961;"von Ow";"SG";"Widnau";"Duplicate entry in historische_familiennamen.csv"
211962;"von Ow";"SH";"Dörflingen";"Duplicate entry in historische_familiennamen.csv"
211963;"von Ow";"SH";"Hallau";"Duplicate entry in historische_familiennamen.csv"
211964;"von Ow";"SH";"Schaffhausen";"Duplicate entry in historische_familiennamen.csv"
211965;"von Ow";"SH";"Thayngen";"Duplicate entry in historische_familiennamen.csv"
211966;"von Ow";"TG";"Diessenhofen";"Duplicate entry in historische_familiennamen.csv"
211967;"von Ow";"TG";"Frauenfeld";"Duplicate entry in historische_familiennamen.csv"
211968;"von Ow";"TG";"Mett-Oberschlatt";"Duplicate entry in historische_familiennamen.csv"
211969;"von Ow";"TG";"Steckborn";"Duplicate entry in historische_familiennamen.csv"
211970;"von Ow";"TG";"Unterschlatt";"Duplicate entry in historische_familiennamen.csv"
211971;"von Ow";"ZH";"Elsau";"Duplicate entry in historische_familiennamen.csv"
211972;"von Ow";"ZH";"Pfäffikon";"Duplicate entry in historische_familiennamen.csv"
211973;"von Ow";"ZH";"Rheinau";"Duplicate entry in historische_familiennamen.csv"
211974;"von Ow";"ZH";"Uetikon am See";"Duplicate entry in historische_familiennamen.csv"
211975;"von Ow";"ZH";"Winterthur";"Duplicate entry in historische_familiennamen.csv"
211976;"von Ow";"ZH";"Zürich";"Duplicate entry in historische_familiennamen.csv"
211977;"von Ow";"ZH";"Zürich";"Duplicate entry in historische_familiennamen.csv"
211978;"von Ow";"ZH";"Zürich";"Duplicate entry in historische_familiennamen.csv"
211979;"von Passavant";"BS";"Basel";"Duplicate entry in historische_familiennamen.csv"
211980;"von Passavant";"UR";"Wassen";"Duplicate entry in historische_familiennamen.csv"
211981;"von Przysiecki";"NE";"Neuchâtel";"Duplicate entry in historische_familiennamen.csv"
211982;"von Quitzow";"ZH";"Zürich";"Duplicate entry in historische_familiennamen.csv"
211983;"von Radowitz";"BS";"Basel";"Duplicate entry in historische_familiennamen.csv"
211984;"von Reding";"SZ";"Schwyz";"Duplicate entry in historische_familiennamen.csv"
211985;"von Reding Biberegg";"LU";"Luzern";"Duplicate entry in historische_familiennamen.csv"
211986;"von Reding Biberegg";"SO";"Rüttenen";"Duplicate entry in historische_familiennamen.csv"
211987;"von Regel";"ZH";"Zürich";"Duplicate entry in historische_familiennamen.csv"
211988;"von Rickenbach";"SZ";"Muotathal";"Duplicate entry in historische_familiennamen.csv"
211989;"von Rickenbach";"SZ";"Steinen";"Duplicate entry in historische_familiennamen.csv"
211990;"von Rickenbach";"SZ";"Steinerberg";"Duplicate entry in historische_familiennamen.csv"
211991;"von Rickenbach";"ZH";"Adliswil";"Duplicate entry in historische_familiennamen.csv"
211992;"von Rickenbach";"ZH";"Zürich";"Duplicate entry in historische_familiennamen.csv"
211993;"von Riedmatten";"VS";"Münster";"Duplicate entry in historische_familiennamen.csv"
211994;"von Ritter-Zahony";"TI";"Cureggia";"Duplicate entry in historische_familiennamen.csv"
211995;"von Rodt";"BE";"Bern";"Duplicate entry in historische_familiennamen.csv"
211996;"von Rohr";"BS";"Basel";"Duplicate entry in historische_familiennamen.csv"
211997;"von Rohr";"SO";"Bellach";"Duplicate entry in historische_familiennamen.csv"
211998;"von Rohr";"SO";"Egerkingen";"Duplicate entry in historische_familiennamen.csv"
211999;"von Rohr";"SO";"Kestenholz";"Duplicate entry in historische_familiennamen.csv"
212000;"von Rohr";"SO";"Olten";"Duplicate entry in historische_familiennamen.csv"
212001;"von Rohr";"SO";"Solothurn";"Duplicate entry in historische_familiennamen.csv"
212002;"von Rohr";"ZH";"Zürich";"Duplicate entry in historische_familiennamen.csv"
212003;"von Roten";"VS";"Raron";"Duplicate entry in historische_familiennamen.csv"
212004;"von Roth";"FR";"Giffers";"Duplicate entry in historische_familiennamen.csv"
212005;"von Roth";"FR";"Plasselb";"Duplicate entry in historische_familiennamen.csv"
212006;"von Roth";"ZH";"Bauma";"Duplicate entry in historische_familiennamen.csv"
212007;"von Rotz";"BS";"Riehen";"Duplicate entry in historische_familiennamen.csv"
212008;"von Rotz";"LU";"Luzern";"Duplicate entry in historische_familiennamen.csv"
212009;"von Rotz";"OW";"Alpnach";"Duplicate entry in historische_familiennamen.csv"
212010;"von Rotz";"OW";"Kerns";"Duplicate entry in historische_familiennamen.csv"
212011;"von Rotz";"ZH";"Dübendorf";"Duplicate entry in historische_familiennamen.csv"
212012;"von Rütte";"BE";"Bern";"Duplicate entry in historische_familiennamen.csv"
212013;"von Saldern";"NE";"Neuchâtel";"Duplicate entry in historische_familiennamen.csv"
212014;"von Salis";"AG";"Brunegg";"Duplicate entry in historische_familiennamen.csv"
212015;"von Salis";"BS";"Basel";"Duplicate entry in historische_familiennamen.csv"
212016;"von Salis";"GR";"Bever";"Duplicate entry in historische_familiennamen.csv"
212017;"von Salis-Soglio";"ZH";"Zürich";"Duplicate entry in historische_familiennamen.csv"
212018;"von Sanden";"ZH";"Zürich";"Duplicate entry in historische_familiennamen.csv"
212019;"von Scarpatetti";"SH";"Schaffhausen";"Duplicate entry in historische_familiennamen.csv"
212020;"von Schallen";"BS";"Basel";"Duplicate entry in historische_familiennamen.csv"
212021;"von Schallen";"BS";"Basel";"Duplicate entry in historische_familiennamen.csv"
212022;"von Schallen";"GE";"Genève";"Duplicate entry in historische_familiennamen.csv"
212023;"von Schallen";"VS";"Randa";"Duplicate entry in historische_familiennamen.csv"
212024;"von Schallen";"VS";"St. Niklaus";"Duplicate entry in historische_familiennamen.csv"
212025;"von Scheele";"ZH";"Zürich";"Duplicate entry in historische_familiennamen.csv"
212026;"von Schenk";"ZH";"Dielsdorf";"Duplicate entry in historische_familiennamen.csv"
212027;"von Schierstaedt";"TG";"Langenhart";"Duplicate entry in historische_familiennamen.csv"
212028;"von Schmid";"AG";"Böttstein";"Duplicate entry in historische_familiennamen.csv"
212029;"von Schmid";"BS";"Basel";"Duplicate entry in historische_familiennamen.csv"
212030;"von Schmid";"ZH";"Zürich";"Duplicate entry in historische_familiennamen.csv"
212031;"von Schmid";"ZH";"Zürich";"Duplicate entry in historische_familiennamen.csv"
212032;"von Schoultz";"ZH";"Männedorf";"Duplicate entry in historische_familiennamen.csv"
212033;"von Schroeder";"BS";"Basel";"Duplicate entry in historische_familiennamen.csv"
212034;"von Schroeder";"ZH";"Zürich";"Duplicate entry in historische_familiennamen.csv"
212035;"von Schulthess Rechberg";"ZH";"Männedorf";"Duplicate entry in historische_familiennamen.csv"
212036;"von Schulthess Rechberg";"ZH";"Zürich";"Duplicate entry in historische_familiennamen.csv"
212037;"von Schulthess Rechberg";"ZH";"Zürich";"Duplicate entry in historische_familiennamen.csv"
212038;"von Schumacher";"LU";"Luzern";"Duplicate entry in historische_familiennamen.csv"
212039;"von Schwarzenberg";"ZH";"Zürich";"Duplicate entry in historische_familiennamen.csv"
212040;"von Schwech";"BL";"Reinach";"Duplicate entry in historische_familiennamen.csv"
212041;"von Schwerzenbach";"ZH";"Zürich";"Duplicate entry in historische_familiennamen.csv"
212042;"von Schännis";"ZH";"Zürich";"Duplicate entry in historische_familiennamen.csv"
212043;"von Seidlitz";"BS";"Basel";"Duplicate entry in historische_familiennamen.csv"
212044;"von Selve";"BE";"Thun";"Duplicate entry in historische_familiennamen.csv"
212045;"von Senger";"GE";"Genève";"Duplicate entry in historische_familiennamen.csv"
212046;"von Sepibus";"VS";"Mörel";"Duplicate entry in historische_familiennamen.csv"
212047;"von Siebenthal";"BE";"Saanen";"Duplicate entry in historische_familiennamen.csv"
212048;"von Siebenthal";"GE";"Genève";"Duplicate entry in historische_familiennamen.csv"
212049;"von Siebenthal";"VD";"Champagne";"Duplicate entry in historische_familiennamen.csv"
212050;"von Siebenthal";"VD";"Lausanne";"Duplicate entry in historische_familiennamen.csv"
212051;"von Siebenthal";"VD";"Lutry";"Duplicate entry in historische_familiennamen.csv"
212052;"von Siebenthal";"VD";"Montreux";"Duplicate entry in historische_familiennamen.csv"
212053;"von Siebenthal";"VD";"Renens";"Duplicate entry in historische_familiennamen.csv"
212054;"von Siebenthal";"VD";"Rougemont";"Duplicate entry in historische_familiennamen.csv"
212055;"von Siebenthal";"VD";"Saint-George";"Duplicate entry in historische_familiennamen.csv"
212056;"von Siebenthal";"VD";"Sainte-Croix";"Duplicate entry in historische_familiennamen.csv"
212057;"von Siebenthal";"VD";"Yverdon";"Duplicate entry in historische_familiennamen.csv"
212058;"von Sinner";"BE";"Bern";"Duplicate entry in historische_familiennamen.csv"
212059;"von Sinner";"GE";"Genève";"Duplicate entry in historische_familiennamen.csv"
212060;"von Sonnenberg";"GE";"Genève";"Duplicate entry in historische_familiennamen.csv"
212061;"von Sonnenberg";"LU";"Luzern";"Duplicate entry in historische_familiennamen.csv"
212062;"von Spallart";"BS";"Basel";"Duplicate entry in historische_familiennamen.csv"
212063;"von Spallart";"SO";"Flumenthal";"Duplicate entry in historische_familiennamen.csv"
212064;"von Sparr";"NE";"Neuchâtel";"Duplicate entry in historische_familiennamen.csv"
212065;"von Sparr";"ZH";"Knonau";"Duplicate entry in historische_familiennamen.csv"
212066;"von Speyr";"BS";"Basel";"Duplicate entry in historische_familiennamen.csv"
212067;"von Steiger";"BE";"Bern";"Duplicate entry in historische_familiennamen.csv"
212068;"von Steiger";"BE";"Bern";"Duplicate entry in historische_familiennamen.csv"
212069;"von Steiger";"BE";"Langnau im Emmental";"Duplicate entry in historische_familiennamen.csv"
212070;"von Steiger";"BE";"Tschugg";"Duplicate entry in historische_familiennamen.csv"
212071;"von Stern";"ZH";"Wetzikon";"Duplicate entry in historische_familiennamen.csv"
212072;"von Stern";"ZH";"Zürich";"Duplicate entry in historische_familiennamen.csv"
212073;"von Stillfried und Rattowitz";"ZH";"Zürich";"Duplicate entry in historische_familiennamen.csv"
212074;"von Stockalper";"VS";"Brig";"Duplicate entry in historische_familiennamen.csv"
212075;"von Stockalper";"VS";"Glis";"Duplicate entry in historische_familiennamen.csv"
212076;"von Stockalper";"VS";"Mörel";"Duplicate entry in historische_familiennamen.csv"
212077;"von Stockalper";"VS";"Ried bei Brig";"Duplicate entry in historische_familiennamen.csv"
212078;"von Stockar-Scherer-Castell";"TG";"Tägerwilen";"Duplicate entry in historische_familiennamen.csv"
212079;"von Stockar-Scherer-Castell";"ZH";"Zürich";"Duplicate entry in historische_familiennamen.csv"
212080;"von Stocki";"GE";"Genève";"Duplicate entry in historische_familiennamen.csv"
212081;"von Stremayr";"BS";"Basel";"Duplicate entry in historische_familiennamen.csv"
212082;"von Streng";"TG";"Sirnach";"Duplicate entry in historische_familiennamen.csv"
212083;"von Streng";"TG";"Tägerschen";"Duplicate entry in historische_familiennamen.csv"
212084;"von Stürler";"BE";"Bern";"Duplicate entry in historische_familiennamen.csv"
212085;"von Sury";"BS";"Basel";"Duplicate entry in historische_familiennamen.csv"
212086;"von Sury";"GE";"Genève";"Duplicate entry in historische_familiennamen.csv"
212087;"von Sury";"LU";"Luzern";"Duplicate entry in historische_familiennamen.csv"
212088;"von Sury";"SO";"Solothurn";"Duplicate entry in historische_familiennamen.csv"
212089;"von Sury d'Aspremont";"SO";"Solothurn";"Duplicate entry in historische_familiennamen.csv"
212090;"von Sury d'Aspremont";"ZH";"Zürich";"Duplicate entry in historische_familiennamen.csv"
212091;"von Sury von Büssy";"SO";"Solothurn";"Duplicate entry in historische_familiennamen.csv"
212092;"von Tavel";"BE";"Bern";"Duplicate entry in historische_familiennamen.csv"
212093;"von Teufenstein";"SO";"Schönenwerd";"Duplicate entry in historische_familiennamen.csv"
212094;"von Tobel";"BE";"Bern";"Duplicate entry in historische_familiennamen.csv"
212095;"von Tobel";"ZH";"Erlenbach";"Duplicate entry in historische_familiennamen.csv"
212096;"von Tobel";"ZH";"Gossau";"Duplicate entry in historische_familiennamen.csv"
212097;"von Tobel";"ZH";"Hombrechtikon";"Duplicate entry in historische_familiennamen.csv"
212098;"von Tobel";"ZH";"Meilen";"Duplicate entry in historische_familiennamen.csv"
212099;"von Tobel";"ZH";"Pfäffikon";"Duplicate entry in historische_familiennamen.csv"
212100;"von Tobel";"ZH";"Zürich";"Duplicate entry in historische_familiennamen.csv"
212101;"von Tobel";"ZH";"Zürich";"Duplicate entry in historische_familiennamen.csv"
212102;"von Tolnai";"BS";"Basel";"Duplicate entry in historische_familiennamen.csv"
212103;"von Tomei";"NE";"Vaumarcus";"Duplicate entry in historische_familiennamen.csv"
212104;"von Tscharner";"BE";"Bern";"Duplicate entry in historische_familiennamen.csv"
212105;"von Türkheim";"ZH";"Zürich";"Duplicate entry in historische_familiennamen.csv"
212106;"von Urach";"BE";"Saanen";"Duplicate entry in historische_familiennamen.csv"
212107;"von Vacano";"GL";"Glarus";"Duplicate entry in historische_familiennamen.csv"
212108;"von Vépy-Vogronics";"BE";"Erlenbach im Simmental";"Duplicate entry in historische_familiennamen.csv"
212109;"von Vietinghoff";"ZH";"Zürich";"Duplicate entry in historische_familiennamen.csv"
212110;"von Vigier-von Steinbrugg";"SO";"Solothurn";"Duplicate entry in historische_familiennamen.csv"
212111;"von Vintschger";"LU";"Udligenswil";"Duplicate entry in historische_familiennamen.csv"
212112;"von Virag";"SG";"Eichberg";"Duplicate entry in historische_familiennamen.csv"
212113;"von Vivis";"LU";"Luzern";"Duplicate entry in historische_familiennamen.csv"
212114;"von Vivis";"SO";"Solothurn";"Duplicate entry in historische_familiennamen.csv"
212115;"von Waldkirch";"SH";"Schaffhausen";"Duplicate entry in historische_familiennamen.csv"
212116;"von Waldkirch";"ZH";"Zürich";"Duplicate entry in historische_familiennamen.csv"
212117;"von Wartburg";"AG";"Aarau";"Duplicate entry in historische_familiennamen.csv"
212118;"von Wartburg";"AG";"Aarburg";"Duplicate entry in historische_familiennamen.csv"
212119;"von Wartburg";"BE";"Rohrbach";"Duplicate entry in historische_familiennamen.csv"
212120;"von Wartburg";"BS";"Basel";"Duplicate entry in historische_familiennamen.csv"
212121;"von Wartburg";"BS";"Basel";"Duplicate entry in historische_familiennamen.csv"
212122;"von Wartburg";"BS";"Basel";"Duplicate entry in historische_familiennamen.csv"
212123;"von Wartburg";"SO";"Riedholz";"Duplicate entry in historische_familiennamen.csv"
212124;"von Wartburg";"SO";"Rüttenen";"Duplicate entry in historische_familiennamen.csv"
212125;"von Wartburg";"SO";"Wangen bei Olten";"Duplicate entry in historische_familiennamen.csv"
212126;"von Wartburg";"ZH";"Hittnau";"Duplicate entry in historische_familiennamen.csv"
212127;"von Wartburg";"ZH";"Zürich";"Duplicate entry in historische_familiennamen.csv"
212128;"von Wartburg";"ZH";"Zürich";"Duplicate entry in historische_familiennamen.csv"
212129;"von Wattenwyl";"BE";"Bern";"Duplicate entry in historische_familiennamen.csv"
212130;"von Wedel";"BE";"Evilard";"Duplicate entry in historische_familiennamen.csv"
212131;"von Weiss";"BE";"Bern";"Duplicate entry in historische_familiennamen.csv"
212132;"von Weissenfluh";"BE";"Gadmen";"Duplicate entry in historische_familiennamen.csv"
212133;"von Weissenfluh";"BE";"Guttannen";"Duplicate entry in historische_familiennamen.csv"
212134;"von Weissenfluh";"BE";"Hasliberg";"Duplicate entry in historische_familiennamen.csv"
212135;"von Weissenfluh";"BE";"Innertkirchen";"Duplicate entry in historische_familiennamen.csv"
212136;"von Weissenfluh";"BE";"Meiringen";"Duplicate entry in historische_familiennamen.csv"
212137;"von Werdt";"BE";"Bern";"Duplicate entry in historische_familiennamen.csv"
212138;"von Werdt";"BE";"Toffen";"Duplicate entry in historische_familiennamen.csv"
212139;"von Werdt";"LU";"Luzern";"Duplicate entry in historische_familiennamen.csv"
212140;"von Werra";"VS";"Leuk";"Duplicate entry in historische_familiennamen.csv"
212141;"von Westenholz";"SG";"St. Gallen";"Duplicate entry in historische_familiennamen.csv"
212142;"von Weydlich";"BE";"Rohrbach";"Duplicate entry in historische_familiennamen.csv"
212143;"von Weymarn";"GE";"Genève";"Duplicate entry in historische_familiennamen.csv"
212144;"von Wild";"BE";"Bern";"Duplicate entry in historische_familiennamen.csv"
212145;"von Willa";"VS";"Leuk";"Duplicate entry in historische_familiennamen.csv"
212146;"von Wurstemberger";"BE";"Bern";"Duplicate entry in historische_familiennamen.csv"
212147;"von Wyl";"GE";"Genève";"Duplicate entry in historische_familiennamen.csv"
212148;"von Wyl";"OW";"Sarnen";"Duplicate entry in historische_familiennamen.csv"
212149;"von Wyl";"ZH";"Zürich";"Duplicate entry in historische_familiennamen.csv"
212150;"von Wyss";"ZH";"Adliswil";"Duplicate entry in historische_familiennamen.csv"
212151;"von Wyss";"ZH";"Zürich";"Duplicate entry in historische_familiennamen.csv"
212152;"von Wyttenbach";"BE";"Bern";"Duplicate entry in historische_familiennamen.csv"
212153;"von Zabern";"TG";"Langenhart";"Duplicate entry in historische_familiennamen.csv"
212154;"von Zastrow";"NE";"Neuchâtel";"Duplicate entry in historische_familiennamen.csv"
212155;"von Zeerleder";"BE";"Bern";"Duplicate entry in historische_familiennamen.csv"
212156;"von Zelewsky";"SH";"Schaffhausen";"Duplicate entry in historische_familiennamen.csv"
212157;"von Zenker";"BE";"Bern";"Duplicate entry in historische_familiennamen.csv"
212158;"von Ziegler";"GE";"Genève";"Duplicate entry in historische_familiennamen.csv"
212159;"von Ziegler";"SH";"Schaffhausen";"Duplicate entry in historische_familiennamen.csv"
212160;"von Zuben";"OW";"Alpnach";"Duplicate entry in historische_familiennamen.csv"
212161;"von Zuben";"OW";"Kerns";"Duplicate entry in historische_familiennamen.csv"
