261;Zürich;Zürich;Zürich;420.217;1;1;> 400'401
6621;Genève;Genève;Genève;203.951;2;1;100'000-400'00
2701;Basel;Basel-Stadt;Basel-Stadt;173.232;3;1;100'000-400'00
5586;Lausanne;Vaud;Vaud;139.408;4;1;100'000-400'00
351;Bern;Bern;Bern;134.591;5;1;100'000-400'00
230;Winterthur;Zürich;Zürich;113.173;6;1;100'000-400'00
1061;Luzern;Luzern;Luzern;82.257;7;2;50'001-100'000
3203;St. Gallen;St. Gallen;St. Gallen;76.090;8;2;50'001-100'000
5192;Lugano;Ticino;Ticino;62.615;9;2;50'001-100'000
371;Biel/Bienne;Bern;Bern;55.602;10;2;50'001-100'000
6458;Neuchâtel;Neuchâtel;Neuchâtel;44.588;11;3;25'001-50'000 (Hauptstädte)
942;Thun;Bern;Bern;43.632;12;5;25'001-50'000 (sonstige)
5002;Bellinzona;Ticino;Ticino;43.279;13;3;25'001-50'000 (Hauptstädte)
355;Köniz;Bern;Bern;42.044;14;5;25'001-50'000 (sonstige)
2196;Fribourg;Fribourg;Fribourg;38.197;15;3;25'001-50'000 (Hauptstädte)
6421;La Chaux-de-Fonds;Neuchâtel;Neuchâtel;37.494;16;5;25'001-50'000 (sonstige)
3901;Chur;Graubünden;Graubünden;37.082;17;3;25'001-50'000 (Hauptstädte)
2939;Schaffhausen;Schaffhausen;Schaffhausen;36.604;18;3;25'001-50'000 (Hauptstädte)
198;Uster;Zürich;Zürich;35.007;19;5;25'001-50'000 (sonstige)
6643;Vernier;Genève;Genève;34.958;20;5;25'001-50'000 (sonstige)
6266;Sion;Valais;Valais;34.710;21;3;25'001-50'000 (Hauptstädte)
6628;Lancy;Genève;Genève;33.377;22;5;25'001-50'000 (sonstige)
1024;Emmen;Luzern;Luzern;31.043;23;5;25'001-50'000 (sonstige)
1711;Zug;Zug;Zug;30.618;24;3;25'001-50'000 (Hauptstädte)
5938;Yverdon-les-Bains;Vaud;Vaud;30.156;25;5;25'001-50'000 (sonstige)
191;Dübendorf;Zürich;Zürich;29.303;26;5;25'001-50'000 (sonstige)
1059;Kriens;Luzern;Luzern;27.847;27;5;25'001-50'000 (sonstige)
243;Dietikon;Zürich;Zürich;27.746;28;5;25'001-50'000 (sonstige)
3340;Rapperswil-Jona;St. Gallen;St. Gallen;27.277;29;5;25'001-50'000 (sonstige)
5886;Montreux;Vaud;Vaud;25.984;30;5;25'001-50'000 (sonstige)
4566;Frauenfeld;Thurgau;Thurgau;25.781;31;3;25'001-50'000 (Hauptstädte)
6630;Meyrin;Genève;Genève;25.745;32;5;25'001-50'000 (sonstige)
121;Wetzikon (ZH);Zürich;Zürich;24.990;33;6;20'001-25'000 geogr. Auswahl
293;Wädenswil;Zürich;Zürich;24.624;34;6;20'001-25'000 geogr. Auswahl
1701;Baar;Zug;Zug;24.617;35;;20'001-25'000 (Rest)
3427;Wil (SG);St. Gallen;St. Gallen;24.159;36;6;20'001-25'000 geogr. Auswahl
2125;Bulle;Fribourg;Fribourg;23.871;37;6;20'001-25'000 geogr. Auswahl
295;Horgen;Zürich;Zürich;22.992;38;6;20'001-25'000 geogr. Auswahl
6608;Carouge (GE);Genève;Genève;22.621;39;;20'001-25'000 (Rest)
4671;Kreuzlingen;Thurgau;Thurgau;22.188;40;6;20'001-25'000 geogr. Auswahl
4001;Aarau;Aargau;Aargau;21.773;41;4;Hauptorte < 25'000
5724;Nyon;Vaud;Vaud;21.452;42;6;20'001-25'000 geogr. Auswahl
2703;Riehen;Basel-Stadt;Basel-Stadt;21.449;43;;20'001-25'000 (Rest)
53;Bülach;Zürich;Zürich;21.372;44;6;20'001-25'000 geogr. Auswahl
2762;Allschwil;Basel-Landschaft;Basel-Landschaft;21.090;45;;20'001-25'000 (Rest)
66;Opfikon;Zürich;Zürich;21.014;46;;20'001-25'000 (Rest)
4045;Wettingen;Aargau;Aargau;20.934;47;6;20'001-25'000 geogr. Auswahl
5591;Renens (VD);Vaud;Vaud;20.886;48;;20'001-25'000 (Rest)
6136;Martigny;Valais;Valais;20.210;49;6;20'001-25'000 geogr. Auswahl
62;Kloten;Zürich;Zürich;20.130;50;;20'001-25'000 (Rest)
5890;Vevey;Vaud;Vaud;19.824;51;7;15'001-20'000 geogr. Auswahl
4021;Baden;Aargau;Aargau;19.547;52;;15'001-20'000 (Rest)
2773;Reinach (BL);Basel-Landschaft;Basel-Landschaft;19.181;53;;15'001-20'000 (Rest)
6631;Onex;Genève;Genève;19.058;54;;15'001-20'000 (Rest)
131;Adliswil;Zürich;Zürich;18.944;55;;15'001-20'000 (Rest)
247;Schlieren;Zürich;Zürich;18.791;56;;15'001-20'000 (Rest)
199;Volketswil;Zürich;Zürich;18.640;57;;15'001-20'000 (Rest)
1630;Glarus Nord;Glarus;Glarus;18.626;58;7;15'001-20'000 geogr. Auswahl
96;Regensdorf;Zürich;Zürich;18.540;59;;15'001-20'000 (Rest)
5590;Pully;Vaud;Vaud;18.458;60;;15'001-20'000 (Rest)
2581;Olten;Solothurn;Solothurn;18.399;61;7;15'001-20'000 geogr. Auswahl
141;Thalwil;Zürich;Zürich;18.139;62;7;15'001-20'000 geogr. Auswahl
3443;Gossau (SG);St. Gallen;St. Gallen;18.108;63;7;15'001-20'000 geogr. Auswahl
2770;Muttenz;Basel-Landschaft;Basel-Landschaft;17.910;64;;15'001-20'000 (Rest)
6153;Monthey;Valais;Valais;17.894;65;7;15'001-20'000 geogr. Auswahl
363;Ostermundigen;Bern;Bern;17.772;66;;15'001-20'000 (Rest)
2546;Grenchen;Solothurn;Solothurn;17.468;67;7;15'001-20'000 geogr. Auswahl
296;Illnau-Effretikon;Zürich;Zürich;17.333;68;7;15'001-20'000 geogr. Auswahl
6487;Val-de-Ruz;Neuchâtel;Neuchâtel;17.017;69;7;15'001-20'000 geogr. Auswahl
2601;Solothurn;Solothurn;Solothurn;16.933;70;4;Hauptorte < 25'000
1702;Cham;Zug;Zug;16.893;71;7;15'001-20'000 geogr. Auswahl
6248;Sierre;Valais;Valais;16.842;72;7;15'001-20'000 geogr. Auswahl
69;Wallisellen;Zürich;Zürich;16.841;73;;15'001-20'000 (Rest)
2831;Pratteln;Basel-Landschaft;Basel-Landschaft;16.650;74;7;15'001-20'000 geogr. Auswahl
4082;Wohlen (AG);Aargau;Aargau;16.613;75;7;15'001-20'000 geogr. Auswahl
404;Burgdorf;Bern;Bern;16.587;76;7;15'001-20'000 geogr. Auswahl
1322;Freienbach;Schwyz;Schwyz;16.506;77;7;15'001-20'000 geogr. Auswahl
1301;Einsiedeln;Schwyz;Schwyz;16.106;78;7;15'001-20'000 geogr. Auswahl
329;Langenthal;Bern;Bern;16.066;79;7;15'001-20'000 geogr. Auswahl
939;Steffisburg;Bern;Bern;15.929;80;7;15'001-20'000 geogr. Auswahl
5642;Morges;Vaud;Vaud;15.844;81;7;15'001-20'000 geogr. Auswahl
2765;Binningen;Basel-Landschaft;Basel-Landschaft;15.793;82;;15'001-20'000 (Rest)
5113;Locarno;Ticino;Ticino;15.776;83;7;15'001-20'000 geogr. Auswahl
3001;Herisau;Appenzell Ausserrhoden;Appenzell Ausserrhoden;15.763;84;4;Hauptorte < 25'000
306;Lyss;Bern;Bern;15.525;85;7;15'001-20'000 geogr. Auswahl
1372;Schwyz;Schwyz;Schwyz;15.239;86;4;Hauptorte < 25'000
5254;Mendrisio;Ticino;Ticino;14.870;87;8;10'001-15'000 geogr. Auswahl
4401;Arbon;Thurgau;Thurgau;14.796;88;8;10'001-15'000 geogr. Auswahl
158;Stäfa;Zürich;Zürich;14.718;89;8;10'001-15'000 geogr. Auswahl
154;Küsnacht (ZH);Zürich;Zürich;14.564;90;8;10'001-15'000 geogr. Auswahl
2829;Liestal;Basel-Landschaft;Basel-Landschaft;14.391;91;4;Hauptorte < 25'000
156;Meilen;Zürich;Zürich;14.335;92;8;10'001-15'000 geogr. Auswahl
1058;Horw;Luzern;Luzern;14.243;93;;10'001-15'000 (Rest)
6640;Thônex;Genève;Genève;14.182;94;;10'001-15'000 (Rest)
4280;Oftringen;Aargau;Aargau;14.101;95;8;10'001-15'000 geogr. Auswahl
1054;Ebikon;Luzern;Luzern;13.849;96;;10'001-15'000 (Rest)
4461;Amriswil;Thurgau;Thurgau;13.816;97;8;10'001-15'000 geogr. Auswahl
138;Richterswil;Zürich;Zürich;13.632;98;8;10'001-15'000 geogr. Auswahl
4258;Rheinfelden;Aargau;Aargau;13.503;99;8;10'001-15'000 geogr. Auswahl
6644;Versoix;Genève;Genève;13.411;100;8;10'001-15'000 geogr. Auswahl
1331;Küssnacht (SZ);Schwyz;Schwyz;13.300;101;8;10'001-15'000 geogr. Auswahl
5721;Gland;Vaud;Vaud;13.181;102;8;10'001-15'000 geogr. Auswahl
3408;Uzwil;St. Gallen;St. Gallen;13.129;103;8;10'001-15'000 geogr. Auswahl
6002;Brig-Glis;Valais;Valais;13.079;105;8;10'001-15'000 geogr. Auswahl
5635;Ecublens (VD);Vaud;Vaud;13.079;104;8;10'001-15'000 geogr. Auswahl
161;Zollikon;Zürich;Zürich;13.067;106;;10'001-15'000 (Rest)
356;Muri bei Bern;Bern;Bern;13.023;107;;10'001-15'000 (Rest)
616;Münsingen;Bern;Bern;12.935;108;8;10'001-15'000 geogr. Auswahl
768;Spiez;Bern;Bern;12.870;109;8;10'001-15'000 geogr. Auswahl
3271;Buchs (SG);St. Gallen;St. Gallen;12.861;110;8;10'001-15'000 geogr. Auswahl
4095;Brugg;Aargau;Aargau;12.575;111;8;10'001-15'000 geogr. Auswahl
6711;Delémont;Jura;Jura;12.566;112;4;Hauptorte < 25'000
1632;Glarus;Glarus;Glarus;12.511;113;4;Hauptorte < 25'000
6612;Chêne-Bougeries;Genève;Genève;12.504;114;;10'001-15'000 (Rest)
5589;Prilly;Vaud;Vaud;12.413;115;;10'001-15'000 (Rest)
2;Affoltern am Albis;Zürich;Zürich;12.303;116;8;10'001-15'000 geogr. Auswahl
118;Rüti (ZH);Zürich;Zürich;12.286;117;8;10'001-15'000 geogr. Auswahl
6623;Le Grand-Saconnex;Genève;Genève;12.275;118;;10'001-15'000 (Rest)
2228;Villars-sur-Glâne;Fribourg;Fribourg;12.228;119;8;10'001-15'000 geogr. Auswahl
177;Pfäffikon;Zürich;Zürich;12.164;120;8;10'001-15'000 geogr. Auswahl
1362;Arth;Schwyz;Schwyz;12.154;121;8;10'001-15'000 geogr. Auswahl
2769;Münchenstein;Basel-Landschaft;Basel-Landschaft;12.104;122;;10'001-15'000 (Rest)
4040;Spreitenbach;Aargau;Aargau;12.065;123;;10'001-15'000 (Rest)
6645;Veyrier;Genève;Genève;11.887;124;;10'001-15'000 (Rest)
5889;La Tour-de-Peilz;Vaud;Vaud;11.884;125;;10'001-15'000 (Rest)
3251;Altstätten;St. Gallen;St. Gallen;11.877;126;8;10'001-15'000 geogr. Auswahl
4289;Zofingen;Aargau;Aargau;11.861;127;8;10'001-15'000 geogr. Auswahl
52;Bassersdorf;Zürich;Zürich;11.824;128;8;10'001-15'000 geogr. Auswahl
4946;Weinfelden;Thurgau;Thurgau;11.602;129;8;10'001-15'000 geogr. Auswahl
861;Belp;Bern;Bern;11.572;130;8;10'001-15'000 geogr. Auswahl
627;Worb;Bern;Bern;11.479;131;8;10'001-15'000 geogr. Auswahl
155;Männedorf;Zürich;Zürich;11.359;132;8;10'001-15'000 geogr. Auswahl
362;Ittigen;Bern;Bern;11.306;133;;10'001-15'000 (Rest)
117;Hinwil;Zürich;Zürich;11.277;134;8;10'001-15'000 geogr. Auswahl
4436;Romanshorn;Thurgau;Thurgau;11.269;135;8;10'001-15'000 geogr. Auswahl
2771;Oberwil (BL);Basel-Landschaft;Basel-Landschaft;11.221;136;8;10'001-15'000 geogr. Auswahl
6436;Le Locle;Neuchâtel;Neuchâtel;11.132;137;8;10'001-15'000 geogr. Auswahl
4254;Möhlin;Aargau;Aargau;11.047;138;8;10'001-15'000 geogr. Auswahl
1707;Risch;Zug;Zug;10.990;139;8;10'001-15'000 geogr. Auswahl
3851;Davos;Graubünden;Graubünden;10.862;140;8;10'001-15'000 geogr. Auswahl
4201;Lenzburg;Aargau;Aargau;10.822;141;8;10'001-15'000 geogr. Auswahl
6512;Val-de-Travers;Neuchâtel;Neuchâtel;10.667;142;8;10'001-15'000 geogr. Auswahl
6633;Plan-les-Ouates;Genève;Genève;10.620;143;;10'001-15'000 (Rest)
4012;Suhr;Aargau;Aargau;10.476;144;8;10'001-15'000 geogr. Auswahl
361;Zollikofen;Bern;Bern;10.471;145;;10'001-15'000 (Rest)
195;Maur;Zürich;Zürich;10.468;146;;10'001-15'000 (Rest)
2937;Neuhausen am Rheinfall;Schaffhausen;Schaffhausen;10.467;147;8;10'001-15'000 geogr. Auswahl
1407;Sarnen;Obwalden;Obwalden;10.458;148;4;Hauptorte < 25'000
2766;Birsfelden;Basel-Landschaft;Basel-Landschaft;10.432;149;;10'001-15'000 (Rest)
3402;Flawil;St. Gallen;St. Gallen;10.425;150;8;10'001-15'000 geogr. Auswahl
6253;Crans-Montana;Valais;Valais;10.365;151;;10'001-15'000 (Rest)
2761;Aesch (BL);Basel-Landschaft;Basel-Landschaft;10.356;152;8;10'001-15'000 geogr. Auswahl
546;Münchenbuchsee;Bern;Bern;10.355;153;8;10'001-15'000 geogr. Auswahl
5606;Lutry;Vaud;Vaud;10.348;154;8;10'001-15'000 geogr. Auswahl
115;Gossau (ZH);Zürich;Zürich;10.280;155;;10'001-15'000 (Rest)
6607;Bernex;Genève;Genève;10.244;156;;10'001-15'000 (Rest)
5401;Aigle;Vaud;Vaud;10.197;157;8;10'001-15'000 geogr. Auswahl
1103;Sursee;Luzern;Luzern;10.195;158;8;10'001-15'000 geogr. Auswahl
6037;Val de Bagnes;Valais;Valais;10.185;159;;10'001-15'000 (Rest)
6007;Naters;Valais;Valais;10.175;160;8;10'001-15'000 geogr. Auswahl
1708;Steinhausen;Zug;Zug;10.129;161;;10'001-15'000 (Rest)
120;Wald (ZH);Zürich;Zürich;10.096;162;;10'001-15'000 (Rest)
5822;Payerne;Vaud;Vaud;10.040;163;8;10'001-15'000 geogr. Auswahl
250;Urdorf;Zürich;Zürich;9.981;164;;
2775;Therwil;Basel-Landschaft;Basel-Landschaft;9.918;165;;
1031;Hochdorf;Luzern;Luzern;9.884;166;;
2054;Estavayer;Fribourg;Fribourg;9.762;167;;
3238;Widnau;St. Gallen;St. Gallen;9.756;168;;
3204;Wittenbach;St. Gallen;St. Gallen;9.706;169;;
5584;Epalinges;Vaud;Vaud;9.695;170;;
3342;Eschenbach (SG);St. Gallen;St. Gallen;9.584;171;;
1201;Altdorf (UR);Uri;Uri;9.537;172;4;Hauptorte < 25'000
3213;Goldach;St. Gallen;St. Gallen;9.504;173;;
6152;Collombey-Muraz;Valais;Valais;9.467;174;;
1631;Glarus Süd;Glarus;Glarus;9.453;175;;
3215;Rorschach;St. Gallen;St. Gallen;9.438;176;9;3'001-10'000 Auswahl zur Flächenabdeckung
56;Embrach;Zürich;Zürich;9.421;177;;
90;Niederhasli;Zürich;Zürich;9.345;178;;
902;Langnau im Emmental;Bern;Bern;9.320;179;9;3'001-10'000 Auswahl zur Flächenabdeckung
360;Wohlen bei Bern;Bern;Bern;9.266;180;9;3'001-10'000 Auswahl zur Flächenabdeckung
1346;Schübelbach;Schwyz;Schwyz;9.190;181;;
2763;Arlesheim;Basel-Landschaft;Basel-Landschaft;9.158;182;;
4282;Rothrist;Aargau;Aargau;9.148;183;;
3392;Kirchberg (SG);St. Gallen;St. Gallen;9.100;184;;
4551;Aadorf;Thurgau;Thurgau;9.047;185;;
2534;Zuchwil;Solothurn;Solothurn;9.041;186;;
6416;Milvignes;Neuchâtel;Neuchâtel;8.995;187;;
5587;Le Mont-sur-Lausanne;Vaud;Vaud;8.992;188;;
3254;Oberriet (SG);St. Gallen;St. Gallen;8.979;189;;
1151;Willisau;Luzern;Luzern;8.970;190;9;3'001-10'000 Auswahl zur Flächenabdeckung
1364;Ingenbohl;Schwyz;Schwyz;8.952;191;;
4034;Neuenhof;Aargau;Aargau;8.950;192;;
5624;Bussigny;Vaud;Vaud;8.930;193;;
3955;Landquart;Graubünden;Graubünden;8.926;194;;
135;Kilchberg (ZH);Zürich;Zürich;8.923;195;;
1344;Lachen;Schwyz;Schwyz;8.883;196;;
1709;Unterägeri;Zug;Zug;8.868;197;;
6023;Conthey;Valais;Valais;8.837;198;;
192;Egg;Zürich;Zürich;8.796;199;;
6417;La Grande Béroche;Neuchâtel;Neuchâtel;8.795;200;;
1703;Hünenberg;Zug;Zug;8.784;201;;
4141;Reinach (AG);Aargau;Aargau;8.781;202;;
153;Hombrechtikon;Zürich;Zürich;8.775;203;;
2513;Biberist;Solothurn;Solothurn;8.766;204;;
3379;Wattwil;St. Gallen;St. Gallen;8.761;205;;
6133;Fully;Valais;Valais;8.731;206;;
193;Fällanden;Zürich;Zürich;8.689;207;;
6613;Chêne-Bourg;Genève;Genève;8.674;208;;
4038;Obersiggenthal;Aargau;Aargau;8.628;209;;
3293;Mels;St. Gallen;St. Gallen;8.561;210;;
4010;Oberentfelden;Aargau;Aargau;8.510;211;;
4271;Aarburg;Aargau;Aargau;8.376;212;9;3'001-10'000 Auswahl zur Flächenabdeckung
3442;Gaiserwald;St. Gallen;St. Gallen;8.327;213;;
6616;Collonge-Bellerive;Genève;Genève;8.299;214;;
2275;Murten;Fribourg;Fribourg;8.259;215;;
1509;Stans;Nidwalden;Nidwalden;8.254;216;4;Hauptorte < 25'000
97;Rümlang;Zürich;Zürich;8.233;217;;
4063;Bremgarten (AG);Aargau;Aargau;8.211;218;;
2293;Düdingen;Fribourg;Fribourg;8.181;219;;
2206;Marly;Fribourg;Fribourg;8.138;220;;
4236;Muri (AG);Aargau;Aargau;8.137;221;;
3722;Domat/Ems;Graubünden;Graubünden;8.132;222;9;3'001-10'000 Auswahl zur Flächenabdeckung
4006;Gränichen;Aargau;Aargau;7.994;223;;
6297;Visp;Valais;Valais;7.978;224;9;3'001-10'000 Auswahl zur Flächenabdeckung
4003;Buchs (AG);Aargau;Aargau;7.971;225;;
200;Wangen-Brüttisellen;Zürich;Zürich;7.967;226;;
5583;Crissier;Vaud;Vaud;7.965;227;;
5402;Bex;Vaud;Vaud;7.879;228;;
5627;Chavannes-près-Renens;Vaud;Vaud;7.851;229;;
54;Dietlikon;Zürich;Zürich;7.847;230;;
6265;Savièse;Valais;Valais;7.814;231;;
3231;Au (SG);St. Gallen;St. Gallen;7.809;232;;
4761;Sirnach;Thurgau;Thurgau;7.803;233;;
5250;Chiasso;Ticino;Ticino;7.759;234;9;3'001-10'000 Auswahl zur Flächenabdeckung
136;Langnau am Albis;Zürich;Zürich;7.727;235;;
1040;Rothenburg;Luzern;Luzern;7.678;236;;
2306;Tafers;Fribourg;Fribourg;7.639;237;;
4123;Windisch;Aargau;Aargau;7.613;238;;
2236;Gibloux;Fribourg;Fribourg;7.606;240;;
113;Dürnten;Zürich;Zürich;7.606;239;;
5409;Ollon;Vaud;Vaud;7.555;241;;
4080;Villmergen;Aargau;Aargau;7.472;242;;
227;Seuzach;Zürich;Zürich;7.440;243;;
1063;Meggen;Luzern;Luzern;7.436;244;;
1062;Malters;Luzern;Luzern;7.432;245;;
700;Moutier;Bern;Bern;7.385;246;9;3'001-10'000 Auswahl zur Flächenabdeckung
3216;Rorschacherberg;St. Gallen;St. Gallen;7.382;247;;
112;Bubikon;Zürich;Zürich;7.344;248;;
1323;Wollerau;Schwyz;Schwyz;7.299;249;;
5118;Minusio;Ticino;Ticino;7.281;250;9;3'001-10'000 Auswahl zur Flächenabdeckung
979;Herzogenbuchsee;Bern;Bern;7.255;251;9;3'001-10'000 Auswahl zur Flächenabdeckung
92;Oberglatt;Zürich;Zürich;7.228;252;;
2325;Châtel-Saint-Denis;Fribourg;Fribourg;7.216;253;;
4044;Untersiggenthal;Aargau;Aargau;7.211;254;;
1140;Reiden;Luzern;Luzern;7.186;255;;
1093;Neuenkirch;Luzern;Luzern;7.163;256;;
3273;Grabs;St. Gallen;St. Gallen;7.147;257;;
6729;Haute-Sorne;Jura;Jura;7.071;258;;
1341;Altendorf;Schwyz;Schwyz;7.059;259;;
1098;Ruswil;Luzern;Luzern;7.046;260;;
5757;Orbe;Vaud;Vaud;7.018;261;;
563;Frutigen;Bern;Bern;6.940;262;9;3'001-10'000 Auswahl zur Flächenabdeckung
928;Heimberg;Bern;Bern;6.927;263;;
743;Nidau;Bern;Bern;6.872;264;;
2473;Dornach;Solothurn;Solothurn;6.849;265;;
843;Saanen;Bern;Bern;6.817;266;9;3'001-10'000 Auswahl zur Flächenabdeckung
2767;Bottmingen;Basel-Landschaft;Basel-Landschaft;6.783;267;;
855;Schwarzenburg;Bern;Bern;6.744;268;;
245;Oberengstringen;Zürich;Zürich;6.738;269;;
5226;Capriasca;Ticino;Ticino;6.737;270;9;3'001-10'000 Auswahl zur Flächenabdeckung
6024;Nendaz;Valais;Valais;6.737;271;;
242;Birmensdorf (ZH);Zürich;Zürich;6.724;272;;
5115;Losone;Ticino;Ticino;6.695;273;9;3'001-10'000 Auswahl zur Flächenabdeckung
2861;Sissach;Basel-Landschaft;Basel-Landschaft;6.686;274;;
1081;Beromünster;Luzern;Luzern;6.624;275;;
2500;Trimbach;Solothurn;Solothurn;6.595;276;;
298;Wiesendangen;Zürich;Zürich;6.594;277;;
3237;Thal;St. Gallen;St. Gallen;6.565;279;;
83;Buchs (ZH);Zürich;Zürich;6.565;278;;
6800;Porrentruy;Jura;Jura;6.563;280;9;3'001-10'000 Auswahl zur Flächenabdeckung
2517;Derendingen;Solothurn;Solothurn;6.520;281;;
4139;Menziken;Aargau;Aargau;6.519;282;;
4048;Würenlos;Aargau;Aargau;6.494;283;;
3339;Uznach;St. Gallen;St. Gallen;6.489;284;;
172;Fehraltorf;Zürich;Zürich;6.485;285;;
3234;Diepoldsau;St. Gallen;St. Gallen;6.465;286;;
152;Herrliberg;Zürich;Zürich;6.460;287;;
2824;Frenkendorf;Basel-Landschaft;Basel-Landschaft;6.454;288;;
3407;Oberuzwil;St. Gallen;St. Gallen;6.403;289;;
6025;Vétroz;Valais;Valais;6.398;290;;
3024;Teufen (AR);Appenzell Ausserrhoden;Appenzell Ausserrhoden;6.362;291;;
1052;Buchrain;Luzern;Luzern;6.361;292;;
551;Urtenen-Schönbühl;Bern;Bern;6.317;293;;
231;Zell (ZH);Zürich;Zürich;6.299;294;;
1404;Kerns;Obwalden;Obwalden;6.295;295;9;3'001-10'000 Auswahl zur Flächenabdeckung
352;Bolligen;Bern;Bern;6.286;296;;
4008;Küttigen;Aargau;Aargau;6.268;298;;
2846;Gelterkinden;Basel-Landschaft;Basel-Landschaft;6.268;297;;
3291;Bad Ragaz;St. Gallen;St. Gallen;6.264;300;9;3'001-10'000 Auswahl zur Flächenabdeckung
2407;Oensingen;Solothurn;Solothurn;6.264;299;;
5861;Rolle;Vaud;Vaud;6.249;301;;
1706;Oberägeri;Zug;Zug;6.244;302;;
2422;Balsthal;Solothurn;Solothurn;6.239;303;;
6404;Boudry;Neuchâtel;Neuchâtel;6.237;304;;
159;Uetikon am See;Zürich;Zürich;6.201;305;;
3296;Sargans;St. Gallen;St. Gallen;6.200;306;;
5196;Massagno;Ticino;Ticino;6.153;307;;
5881;Blonay;#NV;#NV;6.150;308;;
5281;Biasca;Ticino;Ticino;6.092;310;;
139;Rüschlikon;Zürich;Zürich;6.092;309;;
6141;Saxon;Valais;Valais;6.086;311;;
5678;Moudon;Vaud;Vaud;6.067;312;;
1401;Alpnach;Obwalden;Obwalden;6.053;313;;
4471;Bischofszell;Thurgau;Thurgau;5.982;314;;
86;Dielsdorf;Zürich;Zürich;5.966;315;;
3236;St. Margrethen;St. Gallen;St. Gallen;5.960;316;;
412;Kirchberg (BE);Bern;Bern;5.916;317;;
1030;Hitzkirch;Luzern;Luzern;5.858;318;;
593;Unterseen;Bern;Bern;5.852;319;;
944;Uetendorf;Bern;Bern;5.843;320;;
3101;Appenzell;Appenzell Innerrhoden;Appenzell Innerrhoden;5.778;321;4;Hauptorte < 25'000
1507;Hergiswil (NW);Nidwalden;Nidwalden;5.776;322;;
4033;Mellingen;Aargau;Aargau;5.772;323;;
5646;Saint-Prex;Vaud;Vaud;5.766;324;;
6300;Zermatt;Valais;Valais;5.765;325;9;3'001-10'000 Auswahl zur Flächenabdeckung
5414;Villeneuve (VD);Vaud;Vaud;5.763;326;;
540;Jegenstorf;Bern;Bern;5.761;327;9;3'001-10'000 Auswahl zur Flächenabdeckung
5518;Echallens;Vaud;Vaud;5.726;328;;
10;Obfelden;Zürich;Zürich;5.721;329;;
223;Neftenbach;Zürich;Zürich;5.718;330;;
3298;Walenstadt;St. Gallen;St. Gallen;5.705;331;9;3'001-10'000 Auswahl zur Flächenabdeckung
4746;Münchwilen (TG);Thurgau;Thurgau;5.680;332;;
3274;Sennwald;St. Gallen;St. Gallen;5.665;333;;
5805;Oron;Vaud;Vaud;5.661;334;;
4163;Frick;Aargau;Aargau;5.655;335;;
2787;Laufen;Basel-Landschaft;Basel-Landschaft;5.643;336;;
581;Interlaken;Bern;Bern;5.634;337;9;3'001-10'000 Auswahl zur Flächenabdeckung
1125;Dagmersellen;Luzern;Luzern;5.608;338;;
670;Neuenegg;Bern;Bern;5.606;339;;
176;Lindau;Zürich;Zürich;5.605;340;;
64;Nürensdorf;Zürich;Zürich;5.602;341;;
6617;Cologny;Genève;Genève;5.598;342;;
151;Erlenbach (ZH);Zürich;Zürich;5.592;343;;
3;Bonstetten;Zürich;Zürich;5.572;344;;
2309;Wünnewil-Flamatt;Fribourg;Fribourg;5.569;345;;
2053;Belmont-Broye;Fribourg;Fribourg;5.559;346;;
4027;Fislisbach;Aargau;Aargau;5.552;347;;
2920;Thayngen;Schaffhausen;Schaffhausen;5.547;348;;
4252;Kaiseraugst;Aargau;Aargau;5.533;349;;
5091;Ascona;Ticino;Ticino;5.497;350;;
160;Zumikon;Zürich;Zürich;5.486;351;;
4206;Rupperswil;Aargau;Aargau;5.483;352;;
2254;Courtepin;Fribourg;Fribourg;5.468;353;;
4029;Gebenstorf;Aargau;Aargau;5.461;354;;
1051;Adligenswil;Luzern;Luzern;5.460;355;;
1213;Schattdorf;Uri;Uri;5.413;356;;
194;Greifensee;Zürich;Zürich;5.385;357;;
2096;Romont (FR);Fribourg;Fribourg;5.366;358;;
2768;Ettingen;Basel-Landschaft;Basel-Landschaft;5.354;359;;
1321;Feusisberg;Schwyz;Schwyz;5.350;360;;
612;Konolfingen;Bern;Bern;5.347;361;;
359;Vechigen;Bern;Bern;5.345;362;;
5613;Bourg-en-Lavaux;Vaud;Vaud;5.343;363;;
55;Eglisau;Zürich;Zürich;5.339;364;;
2519;Gerlafingen;Solothurn;Solothurn;5.336;365;;
2828;Lausen;Basel-Landschaft;Basel-Landschaft;5.320;366;;
3276;Wartau;St. Gallen;St. Gallen;5.295;367;;
1502;Buochs;Nidwalden;Nidwalden;5.285;368;9;3'001-10'000 Auswahl zur Flächenabdeckung
2542;Bellach;Solothurn;Solothurn;5.284;369;;
387;Lengnau (BE);Bern;Bern;5.280;370;;
5888;Saint-Légier-La Chiésaz;#NV;#NV;5.247;371;;
14;Wettswil am Albis;Zürich;Zürich;5.240;372;;
5643;Préverenges;Vaud;Vaud;5.239;373;;
1342;Galgenen;Schwyz;Schwyz;5.227;374;;
4209;Seon;Aargau;Aargau;5.223;375;;
3341;Gommiswald;St. Gallen;St. Gallen;5.218;376;;
58;Glattfelden;Zürich;Zürich;5.217;377;;
9;Mettmenstetten;Zürich;Zürich;5.200;378;;
538;Fraubrunnen;Bern;Bern;5.180;379;;
1406;Sachseln;Obwalden;Obwalden;5.170;381;;
197;Schwerzenbach;Zürich;Zürich;5.170;380;;
1349;Wangen (SZ);Schwyz;Schwyz;5.150;382;;
443;Saint-Imier;Bern;Bern;5.140;383;;
2579;Hägendorf;Solothurn;Solothurn;5.140;384;;
5398;Gambarogno;Ticino;Ticino;5.136;385;;
2586;Wangen bei Olten;Solothurn;Solothurn;5.134;386;;
5749;Chavornay;Vaud;Vaud;5.130;387;;
1065;Root;Luzern;Luzern;5.126;388;;
3275;Sevelen;St. Gallen;St. Gallen;5.112;389;;
6461;La Tène;Neuchâtel;Neuchâtel;5.083;390;;
2573;Dulliken;Solothurn;Solothurn;5.082;391;;
5001;Arbedo-Castione;Ticino;Ticino;5.057;392;;
111;Bäretswil;Zürich;Zürich;5.053;393;;
2265;Kerzers;Fribourg;Fribourg;5.029;394;;
957;Sumiswald;Bern;Bern;5.026;395;;
954;Huttwil;Bern;Bern;5.004;396;;
137;Oberrieden;Zürich;Zürich;5.002;397;;
3352;Ebnat-Kappel;St. Gallen;St. Gallen;5.001;398;;
89;Niederglatt;Zürich;Zürich;4.993;399;;
981;Niederbipp;Bern;Bern;4.992;400;;
3395;Bütschwil-Ganterschwil;St. Gallen;St. Gallen;4.987;401;;
2543;Bettlach;Solothurn;Solothurn;4.971;402;;
2583;Schönenwerd;Solothurn;Solothurn;4.966;403;;
294;Elgg;Zürich;Zürich;4.942;404;;
244;Geroldswil;Zürich;Zürich;4.934;405;;
2932;Beringen;Schaffhausen;Schaffhausen;4.925;406;;
3313;Kaltbrunn;St. Gallen;St. Gallen;4.924;407;;
3232;Balgach;St. Gallen;St. Gallen;4.891;408;;
5568;Sainte-Croix;Vaud;Vaud;4.891;409;;
3292;Flums;St. Gallen;St. Gallen;4.889;410;;
3297;Vilters-Wangs;St. Gallen;St. Gallen;4.884;411;;
228;Turbenthal;Zürich;Zürich;4.883;412;;
3787;St. Moritz;Graubünden;Graubünden;4.882;413;9;3'001-10'000 Auswahl zur Flächenabdeckung
297;Bauma;Zürich;Zürich;4.873;414;;
4285;Strengelbach;Aargau;Aargau;4.870;415;;
4049;Ehrendingen;Aargau;Aargau;4.840;417;;
157;Oetwil am See;Zürich;Zürich;4.840;416;;
938;Sigriswil;Bern;Bern;4.829;418;;
251;Weiningen (ZH);Zürich;Zürich;4.813;419;;
1095;Oberkirch;Luzern;Luzern;4.794;420;;
3426;Zuzwil (SG);St. Gallen;St. Gallen;4.792;421;;
1505;Ennetbürgen;Nidwalden;Nidwalden;4.779;422;;
4781;Wängi;Thurgau;Thurgau;4.769;423;;
4047;Würenlingen;Aargau;Aargau;4.768;424;;
4204;Niederlenz;Aargau;Aargau;4.765;425;;
4696;Tägerwilen;Thurgau;Thurgau;4.762;426;;
3619;Ilanz/Glion;Graubünden;Graubünden;4.757;427;9;3'001-10'000 Auswahl zur Flächenabdeckung
4062;Berikon;Aargau;Aargau;4.756;428;;
6156;Troistorrents;Valais;Valais;4.748;429;;
6408;Cortaillod;Neuchâtel;Neuchâtel;4.746;430;;
5648;Saint-Sulpice (VD);Vaud;Vaud;4.704;431;;
4411;Egnach;Thurgau;Thurgau;4.699;432;;
248;Uitikon;Zürich;Zürich;4.668;433;;
5108;Gordola;Ticino;Ticino;4.666;434;;
67;Rafz;Zürich;Zürich;4.661;435;;
392;Pieterlen;Bern;Bern;4.651;436;;
5872;Le Chenit;Vaud;Vaud;4.642;437;;
1104;Triengen;Luzern;Luzern;4.640;438;;
785;Meiringen;Bern;Bern;4.639;439;;
301;Aarberg;Bern;Bern;4.632;440;;
6618;Confignon;Genève;Genève;4.631;441;;
3762;Scuol;Graubünden;Graubünden;4.624;443;9;3'001-10'000 Auswahl zur Flächenabdeckung
1510;Stansstad;Nidwalden;Nidwalden;4.624;442;;
321;Aarwangen;Bern;Bern;4.620;444;;
5236;Collina d'Oro;Ticino;Ticino;4.615;445;;
6455;Le Landeron;Neuchâtel;Neuchâtel;4.607;446;;
2825;Füllinsdorf;Basel-Landschaft;Basel-Landschaft;4.588;447;;
4092;Birr;Aargau;Aargau;4.582;448;;
4276;Kölliken;Aargau;Aargau;4.581;449;;
446;Tramelan;Bern;Bern;4.580;450;;
6217;Saint-Maurice;Valais;Valais;4.556;451;;
1704;Menzingen;Zug;Zug;4.551;452;;
3424;Oberbüren;St. Gallen;St. Gallen;4.542;453;;
72;Winkel;Zürich;Zürich;4.535;454;;
3255;Rebstein;St. Gallen;St. Gallen;4.533;455;;
1143;Schötz;Luzern;Luzern;4.530;456;;
5257;Morbio Inferiore;Ticino;Ticino;4.517;457;;
6254;Noble-Contrée;Valais;Valais;4.512;458;;
5266;Stabio;Ticino;Ticino;4.510;459;;
4075;Rudolfstetten-Friedlisberg;Aargau;Aargau;4.508;460;;
5238;Monteceneri;Ticino;Ticino;4.508;461;;
4083;Zufikon;Aargau;Aargau;4.503;462;;
4203;Möriken-Wildegg;Aargau;Aargau;4.498;463;;
4724;Eschlikon;Thurgau;Thurgau;4.480;464;;
4571;Gachnang;Thurgau;Thurgau;4.455;465;;
3871;Klosters;Graubünden;Graubünden;4.431;466;9;3'001-10'000 Auswahl zur Flächenabdeckung
4144;Schöftland;Aargau;Aargau;4.427;467;;
3023;Speicher;Appenzell Ausserrhoden;Appenzell Ausserrhoden;4.408;468;;
2262;Gurmels;Fribourg;Fribourg;4.404;469;;
5141;Agno;Ticino;Ticino;4.403;470;;
2823;Bubendorf;Basel-Landschaft;Basel-Landschaft;4.402;471;;
178;Russikon;Zürich;Zürich;4.393;472;;
552;Utzenstorf;Bern;Bern;4.376;473;;
733;Brügg;Bern;Bern;4.370;474;;
353;Bremgarten bei Bern;Bern;Bern;4.369;475;;
4323;Bad Zurzach;#NV;#NV;4.365;476;;
632;Wichtrach;Bern;Bern;4.354;477;;
1010;Escholzmatt-Marbach;Luzern;Luzern;4.351;478;;
5582;Cheseaux-sur-Lausanne;Vaud;Vaud;4.335;479;;
870;Kehrsatz;Bern;Bern;4.331;480;;
1069;Weggis;Luzern;Luzern;4.317;481;;
1107;Wolhusen;Luzern;Luzern;4.308;482;;
5171;Caslano;Ticino;Ticino;4.304;483;;
5210;Paradiso;Ticino;Ticino;4.303;484;;
5451;Avenches;Vaud;Vaud;4.295;485;;
4239;Sins;Aargau;Aargau;4.278;486;;
6638;Satigny;Genève;Genève;4.273;487;;
6159;Vouvry;Valais;Valais;4.257;488;;
4005;Erlinsbach (AG);Aargau;Aargau;4.252;489;;
4013;Unterentfelden;Aargau;Aargau;4.249;490;;
6240;Lens;Valais;Valais;4.226;491;;
5287;Riviera;Ticino;Ticino;4.209;492;;
1102;Sempach;Luzern;Luzern;4.208;493;;
1008;Schüpfheim;Luzern;Luzern;4.206;494;;
3032;Heiden;Appenzell Ausserrhoden;Appenzell Ausserrhoden;4.203;495;;
6154;Port-Valais;Valais;Valais;4.201;496;;
5675;Lucens;Vaud;Vaud;4.199;497;;
955;Lützelflüh;Bern;Bern;4.197;498;;
1402;Engelberg;Obwalden;Obwalden;4.186;499;9;3'001-10'000 Auswahl zur Flächenabdeckung
51;Bachenbülach;Zürich;Zürich;4.180;500;;
84;Dällikon;Zürich;Zürich;4.177;501;;
608;Grosshöchstetten;Bern;Bern;4.151;502;;
4304;Döttingen;Aargau;Aargau;4.139;503;;
4035;Niederrohrdorf;Aargau;Aargau;4.134;504;;
544;Moosseedorf;Bern;Bern;4.130;505;;
3401;Degersheim;St. Gallen;St. Gallen;4.121;506;;
587;Matten bei Interlaken;Bern;Bern;4.115;507;;
6082;Ayent;Valais;Valais;4.094;508;;
5725;Prangins;Vaud;Vaud;4.085;509;;
4208;Seengen;Aargau;Aargau;4.081;510;;
4037;Oberrohrdorf;Aargau;Aargau;4.080;511;;
929;Hilterfingen;Bern;Bern;4.057;512;;
337;Roggwil (BE);Bern;Bern;4.056;513;;
3378;Neckertal;St. Gallen;St. Gallen;4.044;514;;
5477;Cossonay;Vaud;Vaud;4.044;515;;
4545;Diessenhofen;Thurgau;Thurgau;4.042;516;;
4200;Hunzenschwil;Aargau;Aargau;4.038;517;;
2305;Schmitten (FR);Fribourg;Fribourg;4.037;518;;
2284;Mont-Vully;Fribourg;Fribourg;4.015;519;;
717;Valbirse;Bern;Bern;4.012;520;;
1205;Bürglen (UR);Uri;Uri;3.995;521;;
739;Ipsach;Bern;Bern;3.968;522;;
1094;Nottwil;Luzern;Luzern;3.965;523;;
4911;Bürglen (TG);Thurgau;Thurgau;3.959;524;;
4274;Brittnau;Aargau;Aargau;3.947;525;;
2493;Lostorf;Solothurn;Solothurn;3.942;526;;
3233;Berneck;St. Gallen;St. Gallen;3.936;527;;
249;Unterengstringen;Zürich;Zürich;3.934;528;;
6110;Leuk;Valais;Valais;3.932;529;;
4283;Safenwil;Aargau;Aargau;3.924;530;;
4303;Böttstein;Aargau;Aargau;3.919;531;;
4506;Sulgen;Thurgau;Thurgau;3.918;532;;
6022;Chamoson;Valais;Valais;3.915;533;;
2613;Breitenbach;Solothurn;Solothurn;3.914;534;;
4009;Muhen;Aargau;Aargau;3.907;535;;
224;Pfungen;Zürich;Zürich;3.900;536;;
196;Mönchaltorf;Zürich;Zürich;3.898;537;;
4065;Dottikon;Aargau;Aargau;3.891;538;;
4253;Magden;Aargau;Aargau;3.885;539;;
4210;Staufen;Aargau;Aargau;3.876;541;;
3315;Schänis;St. Gallen;St. Gallen;3.876;540;;
1206;Erstfeld;Uri;Uri;3.845;542;9;3'001-10'000 Auswahl zur Flächenabdeckung
5764;Vallorbe;Vaud;Vaud;3.835;543;;
3405;Jonschwil;St. Gallen;St. Gallen;3.834;544;;
2495;Niedergösgen;Solothurn;Solothurn;3.830;545;;
1345;Reichenburg;Schwyz;Schwyz;3.825;546;;
576;Grindelwald;Bern;Bern;3.810;547;9;3'001-10'000 Auswahl zur Flächenabdeckung
5422;Aubonne;Vaud;Vaud;3.807;548;;
2550;Langendorf;Solothurn;Solothurn;3.806;549;;
2401;Egerkingen;Solothurn;Solothurn;3.793;550;;
5407;Leysin;Vaud;Vaud;3.782;551;;
4081;Widen;Aargau;Aargau;3.779;552;;
4476;Erlen;Thurgau;Thurgau;3.779;553;;
5;Hedingen;Zürich;Zürich;3.778;554;;
5717;Founex;Vaud;Vaud;3.776;555;;
6634;Pregny-Chambésy;Genève;Genève;3.775;556;;
5581;Belmont-sur-Lausanne;Vaud;Vaud;3.774;557;;
311;Schüpfen;Bern;Bern;3.773;558;;
2198;Granges-Paccot;Fribourg;Fribourg;3.773;559;;
3338;Schmerikon;St. Gallen;St. Gallen;3.766;560;;
723;La Neuveville;Bern;Bern;3.756;561;;
13;Stallikon;Zürich;Zürich;3.755;562;;
4;Hausen am Albis;Zürich;Zürich;3.751;563;;
4864;Steckborn;Thurgau;Thurgau;3.746;564;;
745;Port;Bern;Bern;3.727;565;;
1710;Walchwil;Zug;Zug;3.711;566;;
1501;Beckenried;Nidwalden;Nidwalden;3.697;567;;
3103;Rüte;#NV;#NV;3.692;568;;
4170;Laufenburg;Aargau;Aargau;3.680;569;;
4234;Merenschwand;Aargau;Aargau;3.667;570;;
173;Hittnau;Zürich;Zürich;3.664;571;;
3214;Mörschwil;St. Gallen;St. Gallen;3.658;572;;
1403;Giswil;Obwalden;Obwalden;3.657;573;;
219;Elsau;Zürich;Zürich;3.647;574;;
4100;Hausen (AG);Aargau;Aargau;3.646;575;;
4165;Gipf-Oberfrick;Aargau;Aargau;3.646;576;;
116;Grüningen;Zürich;Zürich;3.641;577;;
1026;Eschenbach (LU);Luzern;Luzern;3.627;578;;
567;Reichenbach im Kandertal;Bern;Bern;3.624;579;;
2299;Plaffeien;Fribourg;Fribourg;3.621;580;;
27;Feuerthalen;Zürich;Zürich;3.614;581;;
4501;Kradolf-Schönenberg;Thurgau;Thurgau;3.609;583;;
101;Steinmaur;Zürich;Zürich;3.609;582;;
1373;Steinen;Schwyz;Schwyz;3.608;584;;
3217;Steinach;St. Gallen;St. Gallen;3.608;585;;
383;Büren an der Aare;Bern;Bern;3.584;586;;
713;Tavannes;Bern;Bern;3.570;587;;
2321;Attalens;Fribourg;Fribourg;3.562;588;;
496;Ins;Bern;Bern;3.555;589;;
2503;Erlinsbach (SO);Solothurn;Solothurn;3.555;590;;
6708;Courrendlin;Jura;Jura;3.552;591;;
3272;Gams;St. Gallen;St. Gallen;3.550;592;;
3360;Nesslau;St. Gallen;St. Gallen;3.545;593;;
6232;Chalais;Valais;Valais;3.542;594;;
4309;Klingnau;Aargau;Aargau;3.536;595;;
619;Oberdiessbach;Bern;Bern;3.533;596;;
3444;Waldkirch;St. Gallen;St. Gallen;3.533;597;;
4646;Ermatingen;Thurgau;Thurgau;3.527;598;;
6263;Grimisuat;Valais;Valais;3.509;599;;
2964;Stein am Rhein;Schaffhausen;Schaffhausen;3.505;600;;
4026;Ennetbaden;Aargau;Aargau;3.501;601;;
4691;Münsterlingen;Thurgau;Thurgau;3.494;602;;
3561;Poschiavo;Graubünden;Graubünden;3.493;603;9;3'001-10'000 Auswahl zur Flächenabdeckung
3947;Zizers;Graubünden;Graubünden;3.490;604;;
2527;Luterbach;Solothurn;Solothurn;3.488;605;;
1367;Muotathal;Schwyz;Schwyz;3.486;606;;
2764;Biel-Benken;Basel-Landschaft;Basel-Landschaft;3.476;607;;
3721;Bonaduz;Graubünden;Graubünden;3.467;608;;
5841;Château-d'Oex;Vaud;Vaud;3.456;609;;
4891;Berg (TG);Thurgau;Thurgau;3.449;610;;
2556;Selzach;Solothurn;Solothurn;3.434;611;;
5939;Yvonand;Vaud;Vaud;3.432;612;;
342;Thunstetten;Bern;Bern;3.425;613;;
2295;Bösingen;Fribourg;Fribourg;3.409;614;;
1097;Rickenbach (LU);Luzern;Luzern;3.398;615;;
3235;Rheineck;St. Gallen;St. Gallen;3.398;616;;
5268;Vacallo;Ticino;Ticino;3.383;617;;
6606;Bellevue;Genève;Genève;3.380;618;;
180;Weisslingen;Zürich;Zürich;3.364;619;;
5884;Corsier-sur-Vevey;Vaud;Vaud;3.362;620;;
4131;Beinwil am See;Aargau;Aargau;3.361;621;;
561;Adelboden;Bern;Bern;3.352;622;;
5611;Savigny;Vaud;Vaud;3.352;623;;
5561;Grandson;Vaud;Vaud;3.341;624;;
1083;Buttisholz;Luzern;Luzern;3.333;625;;
406;Hasle bei Burgdorf;Bern;Bern;3.326;626;;
749;Studen (BE);Bern;Bern;3.318;627;;
3945;Trimmis;Graubünden;Graubünden;3.310;628;;
6709;Courroux;Jura;Jura;3.298;629;;
5831;Valbroye;Vaud;Vaud;3.295;630;;
1347;Tuggen;Schwyz;Schwyz;3.293;631;;
6021;Ardon;Valais;Valais;3.293;632;;
5592;Romanel-sur-Lausanne;Vaud;Vaud;3.289;633;;
1002;Entlebuch;Luzern;Luzern;3.280;634;9;3'001-10'000 Auswahl zur Flächenabdeckung
2175;Belfaux;Fribourg;Fribourg;3.280;635;;
3668;Thusis;Graubünden;Graubünden;3.278;636;;
332;Madiswil;Bern;Bern;3.275;637;;
5464;Vully-les-Lacs;Vaud;Vaud;3.274;638;;
2102;Ursy;Fribourg;Fribourg;3.271;639;;
5242;Balerna;Ticino;Ticino;3.270;640;;
2580;Kappel (SO);Solothurn;Solothurn;3.265;641;;
6459;Saint-Blaise;Neuchâtel;Neuchâtel;3.264;642;;
5495;Penthalaz;Vaud;Vaud;3.258;643;;
533;Bätterkinden;Bern;Bern;3.249;644;;
1086;Grosswangen;Luzern;Luzern;3.249;645;;
5712;Coppet;Vaud;Vaud;3.239;646;;
956;Rüegsau;Bern;Bern;3.224;647;;
5131;Tenero-Contra;Ticino;Ticino;3.223;648;;
6135;Leytron;Valais;Valais;3.222;649;;
354;Kirchlindach;Bern;Bern;3.214;650;;
2476;Hofstetten-Flüh;Solothurn;Solothurn;3.209;651;;
6730;Val Terbi;Jura;Jura;3.205;652;;
4260;Stein (AG);Aargau;Aargau;3.184;653;;
2197;Givisiez;Fribourg;Fribourg;3.177;654;;
88;Neerach;Zürich;Zürich;3.175;655;;
2532;Subingen;Solothurn;Solothurn;3.173;656;;
6034;Orsières;Valais;Valais;3.172;657;;
221;Hettlingen;Zürich;Zürich;3.169;658;;
667;Laupen;Bern;Bern;3.168;659;;
6139;Riddes;Valais;Valais;3.159;660;;
3921;Arosa;Graubünden;Graubünden;3.145;661;9;3'001-10'000 Auswahl zur Flächenabdeckung
4104;Lupfig;Aargau;Aargau;3.141;662;;
358;Stettlen;Bern;Bern;3.137;663;;
3423;Niederhelfenschwil;St. Gallen;St. Gallen;3.136;664;;
2220;Le Mouret;Fribourg;Fribourg;3.135;665;;
4146;Unterkulm;Aargau;Aargau;3.134;666;;
573;Brienz (BE);Bern;Bern;3.117;667;;
1508;Oberdorf (NW);Nidwalden;Nidwalden;3.114;668;;
5227;Torricella-Taverne;Ticino;Ticino;3.104;669;;
6632;Perly-Certoux;Genève;Genève;3.099;670;;
4431;Roggwil (TG);Thurgau;Thurgau;3.095;671;;
312;Seedorf (BE);Bern;Bern;3.084;672;;
91;Niederweningen;Zürich;Zürich;3.073;673;;
5634;Echichens;Vaud;Vaud;3.071;674;;
3022;Gais;Appenzell Ausserrhoden;Appenzell Ausserrhoden;3.066;675;;
794;Zweisimmen;Bern;Bern;3.040;676;;
4207;Schafisheim;Aargau;Aargau;3.031;678;;
303;Grossaffoltern;Bern;Bern;3.031;677;;
5882;Chardonne;Vaud;Vaud;3.026;679;;
1099;Schenkon;Luzern;Luzern;3.024;680;;
886;Wattenwil;Bern;Bern;3.018;681;;
4279;Murgenthal;Aargau;Aargau;3.013;683;;
668;Mühleberg;Bern;Bern;3.013;682;;
3953;Maienfeld;Graubünden;Graubünden;3.006;684;;
4042;Turgi;Aargau;Aargau;3.004;685;;
4831;Müllheim;Thurgau;Thurgau;3.003;686;;
879;Riggisberg;Bern;Bern;3.002;687;;
4024;Birmenstorf (AG);Aargau;Aargau;2.988;688;;
3312;Benken (SG);St. Gallen;St. Gallen;2.982;690;;
94;Otelfingen;Zürich;Zürich;2.982;689;;
418;Oberburg;Bern;Bern;2.970;691;;
4591;Matzingen;Thurgau;Thurgau;2.967;692;;
4240;Waltenschwil;Aargau;Aargau;2.964;693;;
4202;Meisterschwanden;Aargau;Aargau;2.955;694;;
5806;Jorat-Mézières;Vaud;Vaud;2.951;695;;
3295;Quarten;St. Gallen;St. Gallen;2.949;696;;
5003;Cadenazzo;Ticino;Ticino;2.942;697;;
5636;Etoy;Vaud;Vaud;2.932;698;;
5711;Commugny;Vaud;Vaud;2.930;699;;
4076;Sarmenstorf;Aargau;Aargau;2.929;700;;
4205;Othmarsingen;Aargau;Aargau;2.929;701;;
2572;Däniken;Solothurn;Solothurn;2.914;702;;
3786;Samedan;Graubünden;Graubünden;2.913;703;;
3732;Flims;Graubünden;Graubünden;2.912;704;;
5251;Coldrerio;Ticino;Ticino;2.903;705;;
4421;Horn;Thurgau;Thurgau;2.901;706;;
751;Täuffelen;Bern;Bern;2.890;707;;
4941;Märstetten;Thurgau;Thurgau;2.889;708;;
5072;Faido;Ticino;Ticino;2.889;709;;
1136;Menznau;Luzern;Luzern;2.888;710;;
68;Rorbas;Zürich;Zürich;2.885;711;;
4721;Bichelsee-Balterswil;Thurgau;Thurgau;2.878;712;;
623;Rubigen;Bern;Bern;2.877;713;;
1085;Geuensee;Luzern;Luzern;2.874;714;;
4228;Boswil;Aargau;Aargau;2.873;716;;
744;Orpund;Bern;Bern;2.873;715;;
60;Höri;Zürich;Zürich;2.872;717;;
4561;Felben-Wellhausen;Thurgau;Thurgau;2.869;718;;
5607;Puidoux;Vaud;Vaud;2.869;719;;
3394;Mosnang;St. Gallen;St. Gallen;2.847;720;;
5138;Cugnasco-Gerra 3);Ticino;Ticino;2.845;721;;
2526;Lohn-Ammannsegg;Solothurn;Solothurn;2.844;722;;
6622;Genthod;Genève;Genève;2.840;723;;
4023;Bergdietikon;Aargau;Aargau;2.831;725;;
1037;Rain;Luzern;Luzern;2.831;724;;
4072;Niederwil (AG);Aargau;Aargau;2.815;726;;
5702;Arzier-Le Muids;Vaud;Vaud;2.807;727;;
4751;Rickenbach (TG);Thurgau;Thurgau;2.803;728;;
4726;Fischingen;Thurgau;Thurgau;2.802;729;;
2148;Riaz;Fribourg;Fribourg;2.791;730;;
292;Stammheim;Zürich;Zürich;2.790;731;;
3506;Vaz/Obervaz;Graubünden;Graubünden;2.786;732;;
4312;Lengnau (AG);Aargau;Aargau;2.780;733;;
2576;Gretzenbach;Solothurn;Solothurn;2.779;734;;
5516;Cugy (VD);Vaud;Vaud;2.765;735;;
225;Rickenbach (ZH);Zürich;Zürich;2.749;736;;
5633;Echandens;Vaud;Vaud;2.733;737;;
6158;Vionnaz;Valais;Valais;2.732;738;;
1128;Ettiswil;Luzern;Luzern;2.730;739;;
4140;Oberkulm;Aargau;Aargau;2.725;740;;
5693;Montanaire;Vaud;Vaud;2.719;741;;
2183;Corminboeuf;Fribourg;Fribourg;2.717;742;;
6252;Anniviers;Valais;Valais;2.717;743;;
1023;Ballwil;Luzern;Luzern;2.710;744;;
3962;Schiers;Graubünden;Graubünden;2.705;745;;
1137;Nebikon;Luzern;Luzern;2.695;746;;
6140;Saillon;Valais;Valais;2.687;747;;
5859;Mont-sur-Rolle;Vaud;Vaud;2.686;748;;
4169;Kaisten;Aargau;Aargau;2.682;749;;
2029;Montagny (FR);Fribourg;Fribourg;2.677;750;;
5120;Muralto;Ticino;Ticino;2.675;751;;
594;Wilderswil;Bern;Bern;2.669;752;;
5638;Lonay;Vaud;Vaud;2.669;753;;
1139;Pfaffnau;Luzern;Luzern;2.665;754;;
903;Lauperswil;Bern;Bern;2.664;755;;
2211;Neyruz (FR);Fribourg;Fribourg;2.664;756;;
5151;Bioggio;Ticino;Ticino;2.658;757;;
372;Evilard;Bern;Bern;2.654;758;;
5263;Riva San Vitale;Ticino;Ticino;2.654;759;;
6710;Courtételle;Jura;Jura;2.653;760;;
6454;Hauterive (NE);Neuchâtel;Neuchâtel;2.652;761;;
5498;La Sarraz;Vaud;Vaud;2.646;762;;
5523;Froideville;Vaud;Vaud;2.643;763;;
1033;Inwil;Luzern;Luzern;2.641;764;;
6757;Saignelégier;Jura;Jura;2.632;765;;
331;Lotzwil;Bern;Bern;2.628;766;;
2124;Broc;Fribourg;Fribourg;2.627;767;;
5396;Terre di Pedemonte;Ticino;Ticino;2.625;768;;
907;Signau;Bern;Bern;2.624;769;;
2869;Zunzgen;Basel-Landschaft;Basel-Landschaft;2.612;770;;
409;Hindelbank;Bern;Bern;2.611;771;;
5317;Maggia;Ticino;Ticino;2.609;772;;
3359;Wildhaus-Alt St. Johann;St. Gallen;St. Gallen;2.606;773;;
4711;Affeltrangen;Thurgau;Thurgau;2.606;774;;
4666;Kemmental;Thurgau;Thurgau;2.601;775;;
3731;Felsberg;Graubünden;Graubünden;2.589;776;;
5727;Saint-Cergue;Vaud;Vaud;2.589;777;;
11;Ottenbach;Zürich;Zürich;2.588;778;;
3834;Roveredo (GR);Graubünden;Graubünden;2.581;779;;
6642;Vandoeuvres;Genève;Genève;2.577;780;;
590;Ringgenberg (BE);Bern;Bern;2.574;781;;
4305;Endingen;Aargau;Aargau;2.565;782;;
5816;Corcelles-près-Payerne;Vaud;Vaud;2.564;783;;
310;Rapperswil (BE);Bern;Bern;2.560;784;;
2465;Buchegg;Solothurn;Solothurn;2.560;785;;
769;Wimmis;Bern;Bern;2.559;786;;
1082;Büron;Luzern;Luzern;2.559;787;;
2886;Hölstein;Basel-Landschaft;Basel-Landschaft;2.556;788;;
2163;Val-de-Charmey;Fribourg;Fribourg;2.538;789;;
2233;Hauterive (FR);Fribourg;Fribourg;2.531;790;;
572;Bönigen;Bern;Bern;2.528;791;;
884;Toffen;Bern;Bern;2.526;792;;
3946;Untervaz;Graubünden;Graubünden;2.521;793;;
4786;Wilen (TG);Thurgau;Thurgau;2.521;794;;
6641;Troinex;Genève;Genève;2.520;795;;
114;Fischenthal;Zürich;Zürich;2.516;796;;
246;Oetwil an der Limmat;Zürich;Zürich;2.515;797;;
5017;Sant'Antonino;Ticino;Ticino;2.510;798;;
307;Meikirch;Bern;Bern;2.473;799;;
901;Eggiwil;Bern;Bern;2.473;800;;
941;Thierachern;Bern;Bern;2.471;801;;
6636;Puplinge;Genève;Genève;2.468;802;;
4951;Wigoltingen;Thurgau;Thurgau;2.464;803;;
1370;Rothenthurm;Schwyz;Schwyz;2.460;804;;
4921;Bussnang;Thurgau;Thurgau;2.458;805;;
4074;Oberwil-Lieli;Aargau;Aargau;2.457;806;;
2793;Zwingen;Basel-Landschaft;Basel-Landschaft;2.453;807;;
6238;Grône;Valais;Valais;2.447;808;;
4068;Hägglingen;Aargau;Aargau;2.445;809;;
4511;Zihlschlacht-Sitterdorf;Thurgau;Thurgau;2.442;810;;
2160;Vuadens;Fribourg;Fribourg;2.435;811;;
6246;Saint-Léonard;Valais;Valais;2.428;812;;
934;Oberhofen am Thunersee;Bern;Bern;2.425;813;;
420;Rüdtligen-Alchenflüh;Bern;Bern;2.419;814;;
3954;Malans;Graubünden;Graubünden;2.419;815;;
63;Lufingen;Zürich;Zürich;2.417;816;;
3256;Rüthi (SG);St. Gallen;St. Gallen;2.412;817;;
755;Worben;Bern;Bern;2.411;818;;
2428;Mümliswil-Ramiswil;Solothurn;Solothurn;2.404;819;;
2892;Oberdorf (BL);Basel-Landschaft;Basel-Landschaft;2.403;821;;
1032;Hohenrain;Luzern;Luzern;2.403;820;;
414;Krauchthal;Bern;Bern;2.401;822;;
1375;Unteriberg;Schwyz;Schwyz;2.398;823;;
905;Rüderswil;Bern;Bern;2.392;824;;
57;Freienstein-Teufen;Zürich;Zürich;2.389;825;;
6602;Anières;Genève;Genève;2.387;826;;
4263;Zeiningen;Aargau;Aargau;2.381;827;;
2308;Ueberstorf;Fribourg;Fribourg;2.379;828;;
6784;Courgenay;Jura;Jura;2.379;829;;
995;Wiedlisbach;Bern;Bern;2.378;831;;
7;Knonau;Zürich;Zürich;2.378;830;;
2772;Pfeffingen;Basel-Landschaft;Basel-Landschaft;2.369;832;;
5260;Novazzano;Ticino;Ticino;2.346;833;;
703;Reconvilier;Bern;Bern;2.344;834;;
1088;Hildisrieden;Luzern;Luzern;2.343;835;;
3212;Eggersriet;St. Gallen;St. Gallen;2.339;836;;
2113;Vuisternens-devant-Romont;Fribourg;Fribourg;2.330;837;;
3543;Surses;Graubünden;Graubünden;2.327;838;;
2904;Neunkirch;Schaffhausen;Schaffhausen;2.326;840;;
1311;Gersau;Schwyz;Schwyz;2.326;839;;
792;Lenk;Bern;Bern;2.324;841;;
2554;Riedholz;Solothurn;Solothurn;2.323;842;;
992;Wangen an der Aare;Bern;Bern;2.321;843;;
2055;Cheyres-Châbles;Fribourg;Fribourg;2.317;844;;
5167;Canobbio;Ticino;Ticino;2.316;845;;
2408;Wolfwil;Solothurn;Solothurn;2.307;846;;
2117;Villaz;Fribourg;Fribourg;2.303;847;;
4161;Eiken;Aargau;Aargau;2.301;848;;
4643;Bottighofen;Thurgau;Thurgau;2.301;849;;
2614;Büsserach;Solothurn;Solothurn;2.298;850;;
1067;Udligenswil;Luzern;Luzern;2.294;851;;
100;Stadel;Zürich;Zürich;2.293;852;;
6137;Martigny-Combe;Valais;Valais;2.292;853;;
5713;Crans (VD);Vaud;Vaud;2.286;854;;
4641;Altnau;Thurgau;Thurgau;2.285;855;;
5883;Corseaux;Vaud;Vaud;2.285;856;;
2406;Oberbuchsiten;Solothurn;Solothurn;2.282;857;;
2099;Siviriez;Fribourg;Fribourg;2.281;858;;
4196;Fahrwangen;Aargau;Aargau;2.280;859;;
584;Lauterbrunnen;Bern;Bern;2.279;860;;
6605;Bardonnex;Genève;Genève;2.277;861;;
1089;Knutwil;Luzern;Luzern;2.275;862;;
2238;Bois-d'Amont;Fribourg;Fribourg;2.273;863;;
3006;Urnäsch;Appenzell Ausserrhoden;Appenzell Ausserrhoden;2.272;864;;
2497;Obergösgen;Solothurn;Solothurn;2.271;865;;
3661;Cazis;Graubünden;Graubünden;2.264;866;;
4125;Schinznach;Aargau;Aargau;2.263;867;;
2856;Ormalingen;Basel-Landschaft;Basel-Landschaft;2.261;869;;
1146;Wauwil;Luzern;Luzern;2.261;868;;
762;Diemtigen;Bern;Bern;2.259;870;;
4194;Dintikon;Aargau;Aargau;2.254;871;;
30;Andelfingen;Zürich;Zürich;2.247;872;;
2237;Prez;Fribourg;Fribourg;2.246;873;;
2404;Neuendorf;Solothurn;Solothurn;2.246;874;;
562;Aeschi bei Spiez;Bern;Bern;2.244;875;;
1705;Neuheim;Zug;Zug;2.237;876;;
5428;Gimel;Vaud;Vaud;2.236;877;;
6292;St. Niklaus;Valais;Valais;2.235;878;;
5601;Chexbres;Vaud;Vaud;2.234;880;;
31;Henggart;Zürich;Zürich;2.234;879;;
2516;Deitingen;Solothurn;Solothurn;2.220;881;;
2135;Gruyères;Fribourg;Fribourg;2.212;882;;
2971;Hallau;Schaffhausen;Schaffhausen;2.207;883;;
304;Kallnach;Bern;Bern;2.204;884;;
4041;Stetten (AG);Aargau;Aargau;2.201;885;;
1506;Ennetmoos;Nidwalden;Nidwalden;2.199;886;;
5221;Savosa;Ticino;Ticino;2.199;887;;
5249;Castel San Pietro;Ticino;Ticino;2.194;888;;
6619;Corsier (GE);Genève;Genève;2.186;889;;
3105;Schwende;#NV;#NV;2.184;890;;
4071;Jonen;Aargau;Aargau;2.183;891;;
731;Aegerten;Bern;Bern;2.180;892;;
1009;Werthenstein;Luzern;Luzern;2.180;893;;
4135;Gontenschwil;Aargau;Aargau;2.169;894;;
883;Seftigen;Bern;Bern;2.161;895;;
2849;Itingen;Basel-Landschaft;Basel-Landschaft;2.159;896;;
4121;Villigen;Aargau;Aargau;2.148;897;;
3784;Pontresina;Graubünden;Graubünden;2.147;898;;
4223;Auw;Aargau;Aargau;2.144;899;;
4313;Leuggern;Aargau;Aargau;2.141;900;;
885;Uttigen;Bern;Bern;2.129;901;;
4032;Mägenwil;Aargau;Aargau;2.123;902;;
5723;Mies;Vaud;Vaud;2.118;903;;
2272;Misery-Courtion;Fribourg;Fribourg;2.116;904;;
6629;Meinier;Genève;Genève;2.116;906;;
3961;Grüsch;Graubünden;Graubünden;2.116;905;;
3673;Domleschg;Graubünden;Graubünden;2.113;907;;
1405;Lungern;Obwalden;Obwalden;2.111;908;;
6008;Ried-Brig;Valais;Valais;2.111;909;;
3253;Marbach (SG);St. Gallen;St. Gallen;2.110;910;;
1150;Zell (LU);Luzern;Luzern;2.097;911;;
424;Wynigen;Bern;Bern;2.093;912;;
1511;Wolfenschiessen;Nidwalden;Nidwalden;2.087;913;;
413;Koppigen;Bern;Bern;2.082;914;;
5050;Serravalle;Ticino;Ticino;2.075;915;;
33;Kleinandelfingen;Zürich;Zürich;2.074;916;;
4841;Pfyn;Thurgau;Thurgau;2.071;917;;
213;Brütten;Zürich;Zürich;2.067;918;;
5604;Forel (Lavaux);Vaud;Vaud;2.064;919;;
4030;Killwangen;Aargau;Aargau;2.057;920;;
2234;La Brillaz;Fribourg;Fribourg;2.052;921;;
1214;Seedorf (UR);Uri;Uri;2.051;922;;
5176;Comano;Ticino;Ticino;2.047;923;;
3982;Disentis/Mustér;Graubünden;Graubünden;2.046;924;;
405;Ersigen;Bern;Bern;2.039;925;;
4073;Oberlunkhofen;Aargau;Aargau;2.035;926;;
4184;Mettauertal;Aargau;Aargau;2.035;927;;
726;Plateau de Diesse;Bern;Bern;2.028;928;;
6157;Val-d'Illiez;Valais;Valais;2.025;929;;
4039;Remetschwil;Aargau;Aargau;2.019;931;;
3618;Lumnezia;Graubünden;Graubünden;2.019;930;;
2530;Recherswil;Solothurn;Solothurn;2.017;932;;
3037;Walzenhausen;Appenzell Ausserrhoden;Appenzell Ausserrhoden;2.012;933;;
3441;Andwil (SG);St. Gallen;St. Gallen;1.999;934;;
5718;Genolier;Vaud;Vaud;1.997;935;;
5799;Servion;Vaud;Vaud;1.996;936;;
4486;Hauptwil-Gottshaus;Thurgau;Thurgau;1.993;937;;
4261;Wallbach;Aargau;Aargau;1.984;938;;
59;Hochfelden;Zürich;Zürich;1.982;939;;
1;Aeugst am Albis;Zürich;Zürich;1.981;940;;
4287;Vordemwald;Aargau;Aargau;1.977;942;;
181;Wila;Zürich;Zürich;1.977;941;;
889;Thurnen;Bern;Bern;1.973;943;;
2200;Grolley;Fribourg;Fribourg;1.972;944;;
1207;Flüelen;Uri;Uri;1.961;945;;
2140;Marsens;Fribourg;Fribourg;1.959;947;;
1123;Altishofen;Luzern;Luzern;1.959;946;;
1216;Silenen;Uri;Uri;1.957;948;;
6118;Gampel-Bratsch;Valais;Valais;1.956;949;;
444;Sonceboz-Sombeval;Bern;Bern;1.952;950;;
6199;Raron;Valais;Valais;1.945;951;;
5269;Breggia;Ticino;Ticino;1.936;952;;
746;Safnern;Bern;Bern;1.935;953;;
5704;Begnins;Vaud;Vaud;1.931;954;;
1004;Flühli;Luzern;Luzern;1.929;955;;
2174;Avry;Fribourg;Fribourg;1.925;957;;
1371;Sattel;Schwyz;Schwyz;1.925;956;;
2122;Pont-en-Ogoz;Fribourg;Fribourg;1.920;958;;
35;Marthalen;Zürich;Zürich;1.918;959;;
25;Dachsen;Zürich;Zürich;1.916;960;;
3911;Churwalden;Graubünden;Graubünden;1.912;961;;
5649;Tolochenaz;Vaud;Vaud;1.908;962;;
5212;Ponte Capriasca;Ticino;Ticino;1.907;963;;
1132;Hergiswil bei Willisau;Luzern;Luzern;1.905;964;;
102;Weiach;Zürich;Zürich;1.903;965;;
6771;Alle;Jura;Jura;1.902;967;;
2501;Winznau;Solothurn;Solothurn;1.902;966;;
6452;Cressier (NE);Neuchâtel;Neuchâtel;1.898;968;;
2791;Röschenz;Basel-Landschaft;Basel-Landschaft;1.897;970;;
2621;Nunningen;Solothurn;Solothurn;1.897;969;;
3374;Lichtensteig;St. Gallen;St. Gallen;1.896;971;;
4451;Uttwil;Thurgau;Thurgau;1.893;972;;
450;Péry-La Heutte;Bern;Bern;1.890;973;;
3111;Oberegg;Appenzell Innerrhoden;Appenzell Innerrhoden;1.889;974;;
3575;Laax;Graubünden;Graubünden;1.885;975;;
6754;Le Noirmont;Jura;Jura;1.883;976;;
5231;Vezia;Ticino;Ticino;1.877;977;;
6219;Vernayaz;Valais;Valais;1.874;978;;
3038;Wolfhalden;Appenzell Ausserrhoden;Appenzell Ausserrhoden;1.871;980;;
2786;Grellingen;Basel-Landschaft;Basel-Landschaft;1.871;979;;
4061;Arni (AG);Aargau;Aargau;1.868;981;;
6620;Dardagny;Genève;Genève;1.867;982;;
85;Dänikon;Zürich;Zürich;1.861;983;;
3021;Bühler;Appenzell Ausserrhoden;Appenzell Ausserrhoden;1.852;984;;
2891;Niederdorf;Basel-Landschaft;Basel-Landschaft;1.846;985;;
2041;Saint-Aubin (FR);Fribourg;Fribourg;1.835;986;;
5225;Sorengo;Ticino;Ticino;1.835;987;;
1503;Dallenwil;Nidwalden;Nidwalden;1.832;988;;
4806;Eschenz;Thurgau;Thurgau;1.832;989;;
872;Kirchdorf (BE);Bern;Bern;1.829;990;;
2403;Kestenholz;Solothurn;Solothurn;1.829;991;;
4536;Basadingen-Schlattingen;Thurgau;Thurgau;1.829;992;;
5413;Roche (VD);Vaud;Vaud;1.827;993;;
3311;Amden;St. Gallen;St. Gallen;1.823;994;;
5540;Montilliez;Vaud;Vaud;1.819;995;;
6215;Massongex;Valais;Valais;1.818;996;;
3007;Waldstatt;Appenzell Ausserrhoden;Appenzell Ausserrhoden;1.817;997;;
603;Biglen;Bern;Bern;1.815;998;;
5048;Acquarossa;Ticino;Ticino;1.813;999;;
2426;Laupersdorf;Solothurn;Solothurn;1.808;1000;;
5198;Melide;Ticino;Ticino;1.806;1001;;
6089;Vex;Valais;Valais;1.805;1002;;
4031;Künten;Aargau;Aargau;1.795;1003;;
93;Oberweningen;Zürich;Zürich;1.790;1004;;
1039;Römerswil;Luzern;Luzern;1.788;1005;;
2575;Fulenbach;Solothurn;Solothurn;1.785;1006;;
4546;Schlatt (TG);Thurgau;Thurgau;1.777;1007;;
4821;Hüttwilen;Thurgau;Thurgau;1.773;1008;;
5049;Blenio;Ticino;Ticino;1.770;1009;;
626;Walkringen;Bern;Bern;1.768;1010;;
2011;Cugy (FR);Fribourg;Fribourg;1.767;1011;;
880;Rüeggisberg;Bern;Bern;1.761;1013;;
34;Laufen-Uhwiesen;Zürich;Zürich;1.761;1012;;
5496;Penthaz;Vaud;Vaud;1.760;1014;;
3034;Rehetobel;Appenzell Ausserrhoden;Appenzell Ausserrhoden;1.756;1015;;
3025;Trogen;Appenzell Ausserrhoden;Appenzell Ausserrhoden;1.752;1016;;
983;Oberbipp;Bern;Bern;1.750;1017;;
1203;Attinghausen;Uri;Uri;1.750;1018;;
2553;Oberdorf (SO);Solothurn;Solothurn;1.749;1019;;
2149;La Roche;Fribourg;Fribourg;1.744;1020;;
4683;Lengwil;Thurgau;Thurgau;1.744;1021;;
2974;Wilchingen;Schaffhausen;Schaffhausen;1.740;1022;;
431;Corgémont;Bern;Bern;1.737;1023;;
1005;Hasle (LU);Luzern;Luzern;1.736;1024;;
5716;Eysins;Vaud;Vaud;1.735;1025;;
763;Erlenbach im Simmental;Bern;Bern;1.733;1026;;
5456;Cudrefin;Vaud;Vaud;1.733;1027;;
3981;Breil/Brigels;Graubünden;Graubünden;1.728;1028;;
5189;Lamone;Ticino;Ticino;1.727;1029;;
1066;Schwarzenberg;Luzern;Luzern;1.726;1030;;
3316;Weesen;St. Gallen;St. Gallen;1.717;1031;;
4871;Wagenhausen;Thurgau;Thurgau;1.713;1032;;
6603;Avully;Genève;Genève;1.712;1033;;
2584;Starrkirch-Wil;Solothurn;Solothurn;1.710;1034;;
6615;Collex-Bossy;Genève;Genève;1.709;1035;;
6611;Chancy;Genève;Genève;1.698;1036;;
6790;Fontenais;Jura;Jura;1.696;1037;;
5097;Brissago;Ticino;Ticino;1.695;1038;;
4310;Koblenz;Aargau;Aargau;1.689;1039;;
216;Dinhard;Zürich;Zürich;1.684;1040;;
732;Bellmund;Bern;Bern;1.682;1041;;
982;Niederönz;Bern;Bern;1.681;1042;;
853;Rüschegg;Bern;Bern;1.676;1043;;
6083;Evolène;Valais;Valais;1.669;1045;;
241;Aesch (ZH);Zürich;Zürich;1.669;1044;;
37;Ossingen;Zürich;Zürich;1.668;1046;;
4656;Güttingen;Thurgau;Thurgau;1.661;1047;;
345;Wynau;Bern;Bern;1.660;1048;;
2782;Brislach;Basel-Landschaft;Basel-Landschaft;1.656;1049;;
2578;Gunzgen;Solothurn;Solothurn;1.654;1050;;
4122;Villnachern;Aargau;Aargau;1.653;1053;;
2821;Arisdorf;Basel-Landschaft;Basel-Landschaft;1.653;1051;;
2952;Schleitheim;Schaffhausen;Schaffhausen;1.653;1052;;
4124;Bözberg;Aargau;Aargau;1.645;1054;;
4145;Teufenthal (AG);Aargau;Aargau;1.641;1055;;
2294;Giffers;Fribourg;Fribourg;1.638;1056;;
2402;Härkingen;Solothurn;Solothurn;1.638;1057;;
407;Heimiswil;Bern;Bern;1.636;1058;;
1084;Eich;Luzern;Luzern;1.630;1059;;
381;Arch;Bern;Bern;1.629;1060;;
5193;Magliaso;Ticino;Ticino;1.627;1061;;
2884;Diegten;Basel-Landschaft;Basel-Landschaft;1.624;1062;;
4007;Hirschthal;Aargau;Aargau;1.611;1063;;
5632;Denges;Vaud;Vaud;1.608;1064;;
4067;Fischbach-Göslikon;Aargau;Aargau;1.607;1065;;
3393;Lütisburg;St. Gallen;St. Gallen;1.606;1066;;
4091;Auenstein;Aargau;Aargau;1.605;1067;;
4776;Tobel-Tägerschen;Thurgau;Thurgau;1.604;1068;;
4046;Wohlenschwil;Aargau;Aargau;1.603;1069;;
6204;Steg-Hohtenn;Valais;Valais;1.603;1070;;
4177;Sisseln;Aargau;Aargau;1.601;1071;;
4002;Biberstein;Aargau;Aargau;1.598;1072;;
5729;Tannay;Vaud;Vaud;1.594;1073;;
5425;Bière;Vaud;Vaud;1.593;1074;;
3891;Luzein;Graubünden;Graubünden;1.591;1075;;
5804;Jorat-Menthue;Vaud;Vaud;1.591;1076;;
2893;Reigoldswil;Basel-Landschaft;Basel-Landschaft;1.588;1077;;
6235;Chippis;Valais;Valais;1.588;1078;;
628;Zäziwil;Bern;Bern;1.579;1079;;
4166;Herznach;Aargau;Aargau;1.578;1080;;
5010;Lumino;Ticino;Ticino;1.571;1081;;
2834;Ziefen;Basel-Landschaft;Basel-Landschaft;1.561;1082;;
2121;Haut-Intyamon;Fribourg;Fribourg;1.559;1083;;
6451;Cornaux;Neuchâtel;Neuchâtel;1.558;1084;;
3723;Rhäzüns;Graubünden;Graubünden;1.557;1085;;
3294;Pfäfers;St. Gallen;St. Gallen;1.556;1086;;
4281;Reitnau;Aargau;Aargau;1.555;1088;;
3792;Bregaglia;Graubünden;Graubünden;1.555;1087;;
4255;Mumpf;Aargau;Aargau;1.553;1089;;
4022;Bellikon;Aargau;Aargau;1.550;1090;;
2162;Bas-Intyamon;Fribourg;Fribourg;1.549;1091;;
2785;Duggingen;Basel-Landschaft;Basel-Landschaft;1.547;1092;;
5148;Bedano;Ticino;Ticino;1.545;1093;;
6290;Saas-Fee;Valais;Valais;1.544;1094;;
2208;Matran;Fribourg;Fribourg;1.543;1095;;
5885;Jongny;Vaud;Vaud;1.543;1096;;
4237;Oberrüti;Aargau;Aargau;1.542;1097;;
4816;Homburg;Thurgau;Thurgau;1.542;1098;;
3004;Schwellbrunn;Appenzell Ausserrhoden;Appenzell Ausserrhoden;1.541;1099;;
2551;Lommiswil;Solothurn;Solothurn;1.540;1100;;
6113;Salgesch;Valais;Valais;1.540;1101;;
5162;Cadempino;Ticino;Ticino;1.536;1102;;
6743;Les Breuleux;Jura;Jura;1.533;1103;;
988;Seeberg;Bern;Bern;1.529;1104;;
5588;Paudex;Vaud;Vaud;1.529;1105;;
5214;Porza;Ticino;Ticino;1.526;1106;;
2097;Rue;Fribourg;Fribourg;1.524;1107;;
852;Guggisberg;Bern;Bern;1.523;1108;;
923;Buchholterberg;Bern;Bern;1.523;1109;;
3746;Zernez;Graubünden;Graubünden;1.523;1110;;
2050;Les Montets;Fribourg;Fribourg;1.520;1112;;
1147;Wikon;Luzern;Luzern;1.520;1111;;
3252;Eichberg;St. Gallen;St. Gallen;1.520;1113;;
4120;Veltheim (AG);Aargau;Aargau;1.518;1114;;
1127;Egolzwil;Luzern;Luzern;1.514;1115;;
971;Attiswil;Bern;Bern;1.513;1116;;
2323;Bossonnens;Fribourg;Fribourg;1.512;1117;;
5324;Avegno Gordevio;Ticino;Ticino;1.512;1118;;
498;Müntschemier;Bern;Bern;1.505;1119;;
3422;Niederbüren;St. Gallen;St. Gallen;1.505;1120;;
2186;Cottens (FR);Fribourg;Fribourg;1.504;1121;;
3782;Celerina/Schlarigna;Graubünden;Graubünden;1.502;1122;;
2114;Villorsonnens;Fribourg;Fribourg;1.498;1123;;
5860;Perroy;Vaud;Vaud;1.496;1124;;
4077;Tägerig;Aargau;Aargau;1.489;1126;;
333;Melchnau;Bern;Bern;1.489;1125;;
2478;Nuglar-St. Pantaleon;Solothurn;Solothurn;1.488;1127;;
4611;Thundorf;Thurgau;Thurgau;1.488;1128;;
4222;Aristau;Aargau;Aargau;1.487;1129;;
4318;Schneisingen;Aargau;Aargau;1.486;1130;;
338;Rohrbach;Bern;Bern;1.484;1131;;
1053;Dierikon;Luzern;Luzern;1.484;1132;;
2226;Treyvaux;Fribourg;Fribourg;1.483;1133;;
5208;Origlio;Ticino;Ticino;1.482;1134;;
5061;Airolo;Ticino;Ticino;1.481;1135;;
4192;Boniswil;Aargau;Aargau;1.480;1136;;
386;Dotzigen;Bern;Bern;1.478;1137;;
5871;L'Abbaye;Vaud;Vaud;1.478;1138;;
4195;Egliswil;Aargau;Aargau;1.477;1140;;
4441;Salmsach;Thurgau;Thurgau;1.477;1141;;
29;Flurlingen;Zürich;Zürich;1.477;1139;;
2457;Messen;Solothurn;Solothurn;1.476;1142;;
4136;Holziken;Aargau;Aargau;1.474;1145;;
2903;Löhningen;Schaffhausen;Schaffhausen;1.474;1144;;
71;Wil (ZH);Zürich;Zürich;1.474;1143;;
5655;Yens;Vaud;Vaud;1.473;1146;;
4079;Unterlunkhofen;Aargau;Aargau;1.469;1147;;
2792;Wahlen;Basel-Landschaft;Basel-Landschaft;1.466;1148;;
2963;Ramsen;Schaffhausen;Schaffhausen;1.465;1150;;
2555;Rüttenen;Solothurn;Solothurn;1.465;1149;;
909;Trubschachen;Bern;Bern;1.463;1151;;
1091;Mauensee;Luzern;Luzern;1.460;1152;;
5421;Apples;#NV;#NV;1.460;1153;;
4111;Riniken;Aargau;Aargau;1.459;1154;;
434;Courtelary;Bern;Bern;1.456;1155;;
2481;Witterswil;Solothurn;Solothurn;1.452;1156;;
1064;Meierskappel;Luzern;Luzern;1.451;1157;;
2830;Lupsingen;Basel-Landschaft;Basel-Landschaft;1.450;1158;;
3102;Gonten;Appenzell Innerrhoden;Appenzell Innerrhoden;1.445;1159;;
2152;Sâles;Fribourg;Fribourg;1.441;1160;;
1504;Emmetten;Nidwalden;Nidwalden;1.440;1161;;
3218;Tübach;St. Gallen;St. Gallen;1.438;1162;;
415;Lyssach;Bern;Bern;1.437;1163;;
3847;Val Müstair;Graubünden;Graubünden;1.437;1164;;
5197;Melano;#NV;#NV;1.437;1165;;
2336;Semsales;Fribourg;Fribourg;1.435;1166;;
5730;Trélex;Vaud;Vaud;1.434;1167;;
1202;Andermatt;Uri;Uri;1.433;1168;;
5411;Ormont-Dessus;Vaud;Vaud;1.433;1169;;
82;Boppelsen;Zürich;Zürich;1.432;1170;;
119;Seegräben;Zürich;Zürich;1.430;1171;;
2250;Courgevaux;Fribourg;Fribourg;1.428;1172;;
5585;Jouxtens-Mézery;Vaud;Vaud;1.423;1173;;
5180;Cureglia;Ticino;Ticino;1.422;1174;;
6084;Hérémence;Valais;Valais;1.421;1175;;
28;Flaach;Zürich;Zürich;1.420;1176;;
6218;Salvan;Valais;Valais;1.416;1177;;
690;Court;Bern;Bern;1.415;1178;;
305;Kappelen;Bern;Bern;1.414;1179;;
3734;Trin;Graubünden;Graubünden;1.414;1180;;
1055;Gisikon;Luzern;Luzern;1.412;1181;;
2774;Schönenbuch;Basel-Landschaft;Basel-Landschaft;1.409;1182;;
3832;Grono;Graubünden;Graubünden;1.406;1183;;
2296;Heitenried;Fribourg;Fribourg;1.402;1185;;
1068;Vitznau;Luzern;Luzern;1.402;1184;;
6604;Avusy;Genève;Genève;1.401;1186;;
5237;Alto Malcantone;Ticino;Ticino;1.392;1187;;
750;Sutz-Lattrigen;Bern;Bern;1.391;1188;;
3201;Häggenschwil;St. Gallen;St. Gallen;1.390;1189;;
492;Erlach;Bern;Bern;1.388;1190;;
3005;Stein (AR);Appenzell Ausserrhoden;Appenzell Ausserrhoden;1.387;1191;;
5703;Bassins;Vaud;Vaud;1.386;1192;;
4311;Leibstadt;Aargau;Aargau;1.384;1193;;
6712;Develier;Jura;Jura;1.381;1194;;
4199;Holderbank (AG);Aargau;Aargau;1.377;1196;;
5199;Mezzovico-Vira;Ticino;Ticino;1.377;1197;;
99;Schöfflisdorf;Zürich;Zürich;1.377;1195;;
5187;Gravesano;Ticino;Ticino;1.375;1198;;
953;Eriswil;Bern;Bern;1.374;1199;;
2919;Stetten (SH);Schaffhausen;Schaffhausen;1.374;1200;;
3972;Seewis im Prättigau;Graubünden;Graubünden;1.370;1201;;
4851;Salenstein;Thurgau;Thurgau;1.369;1202;;
5857;Gilly;Vaud;Vaud;1.369;1203;;
5707;Chavannes-de-Bogis;Vaud;Vaud;1.366;1204;;
605;Bowil;Bern;Bern;1.364;1205;;
2864;Thürnen;Basel-Landschaft;Basel-Landschaft;1.358;1206;;
5731;Le Vaud;Vaud;Vaud;1.357;1207;;
4147;Zetzwil;Aargau;Aargau;1.348;1208;;
5216;Pura;Ticino;Ticino;1.348;1209;;
5405;Gryon;Vaud;Vaud;1.348;1210;;
4286;Uerkheim;Aargau;Aargau;1.346;1211;;
2304;St. Ursen;Fribourg;Fribourg;1.345;1212;;
3822;Mesocco;Graubünden;Graubünden;1.344;1213;;
4881;Amlikon-Bissegg;Thurgau;Thurgau;1.341;1214;;
2427;Matzendorf;Solothurn;Solothurn;1.340;1215;;
4901;Birwinken;Thurgau;Thurgau;1.340;1216;;
2307;Tentlingen;Fribourg;Fribourg;1.338;1217;;
6151;Champéry;Valais;Valais;1.338;1218;;
6298;Visperterminen;Valais;Valais;1.337;1219;;
2145;Le Pâquier (FR);Fribourg;Fribourg;1.336;1220;;
2479;Rodersdorf;Solothurn;Solothurn;1.336;1221;;
4231;Dietwil;Aargau;Aargau;1.333;1222;;
4621;Warth-Weiningen;Thurgau;Thurgau;1.333;1223;;
6281;Baltschieder;Valais;Valais;1.331;1224;;
4181;Wittnau;Aargau;Aargau;1.330;1226;;
793;St. Stephan;Bern;Bern;1.330;1225;;
908;Trub;Bern;Bern;1.324;1227;;
4198;Hendschiken;Aargau;Aargau;1.322;1228;;
6111;Leukerbad;Valais;Valais;1.319;1229;;
38;Rheinau;Zürich;Zürich;1.316;1230;;
6295;Täsch;Valais;Valais;1.314;1231;;
5194;Manno;Ticino;Ticino;1.305;1232;;
6213;Evionnaz;Valais;Valais;1.305;1233;;
2525;Kriegstetten;Solothurn;Solothurn;1.304;1234;;
6261;Arbaz;Valais;Valais;1.302;1235;;
4284;Staffelbach;Aargau;Aargau;1.301;1236;;
614;Linden;Bern;Bern;1.300;1237;;
3033;Lutzenberg;Appenzell Ausserrhoden;Appenzell Ausserrhoden;1.299;1238;;
5112;Lavertezzo 3);Ticino;Ticino;1.299;1239;;
390;Meinisberg;Bern;Bern;1.298;1240;;
5514;Bottens;Vaud;Vaud;1.298;1241;;
2833;Seltisberg;Basel-Landschaft;Basel-Landschaft;1.290;1243;;
2475;Hochwald;Solothurn;Solothurn;1.290;1242;;
5503;Vufflens-la-Ville;Vaud;Vaud;1.290;1244;;
388;Leuzigen;Bern;Bern;1.289;1245;;
2852;Läufelfingen;Basel-Landschaft;Basel-Landschaft;1.288;1246;;
309;Radelfingen;Bern;Bern;1.287;1247;;
3542;Albula/Alvra;Graubünden;Graubünden;1.283;1248;;
565;Kandersteg;Bern;Bern;1.281;1249;;
5512;Bercher;Vaud;Vaud;1.281;1250;;
4681;Langrickenbach;Thurgau;Thurgau;1.273;1251;;
6808;Clos du Doubs;Jura;Jura;1.263;1252;;
4134;Dürrenäsch;Aargau;Aargau;1.260;1253;;
1021;Aesch (LU);Luzern;Luzern;1.259;1254;;
2511;Aeschi (SO);Solothurn;Solothurn;1.257;1255;;
2338;La Verrerie;Fribourg;Fribourg;1.254;1256;;
791;Boltigen;Bern;Bern;1.252;1257;;
3375;Oberhelfenschwil;St. Gallen;St. Gallen;1.251;1258;;
922;Blumenstein;Bern;Bern;1.248;1259;;
2405;Niederbuchsiten;Solothurn;Solothurn;1.246;1260;;
6413;Rochefort;Neuchâtel;Neuchâtel;1.243;1261;;
6626;Jussy;Genève;Genève;1.241;1262;;
4230;Buttwil;Aargau;Aargau;1.240;1263;;
6807;Basse-Allaine;Jura;Jura;1.238;1267;;
1135;Luthern;Luzern;Luzern;1.238;1264;;
2619;Kleinlützel;Solothurn;Solothurn;1.238;1265;;
5709;Chéserex;Vaud;Vaud;1.238;1266;;
445;Sonvilier;Bern;Bern;1.237;1268;;
5719;Gingins;Vaud;Vaud;1.237;1269;;
662;Ferenbalm;Bern;Bern;1.236;1270;;
6285;Grächen;Valais;Valais;1.233;1271;;
6742;Les Bois;Jura;Jura;1.232;1272;;
866;Gerzensee;Bern;Bern;1.231;1273;;
663;Frauenkappelen;Bern;Bern;1.228;1274;;
5537;Villars-le-Terroir;Vaud;Vaud;1.227;1275;;
4716;Bettwiesen;Thurgau;Thurgau;1.226;1276;;
4110;Remigen;Aargau;Aargau;1.225;1278;;
2528;Obergerlafingen;Solothurn;Solothurn;1.225;1277;;
4606;Stettfurt;Thurgau;Thurgau;1.224;1279;;
3733;Tamins;Graubünden;Graubünden;1.222;1280;;
6437;Les Ponts-de-Martel;Neuchâtel;Neuchâtel;1.222;1281;;
6;Kappel am Albis;Zürich;Zürich;1.221;1282;;
3202;Muolen;St. Gallen;St. Gallen;1.220;1283;;
5482;Eclépens;Vaud;Vaud;1.219;1284;;
6774;Boncourt;Jura;Jura;1.217;1285;;
4741;Lommis;Thurgau;Thurgau;1.211;1286;;
4416;Hefenhofen;Thurgau;Thurgau;1.210;1287;;
4235;Mühlau;Aargau;Aargau;1.209;1288;;
3986;Tujetsch;Graubünden;Graubünden;1.207;1289;;
2337;Le Flon;Fribourg;Fribourg;1.201;1290;;
438;Orvin;Bern;Bern;1.196;1291;;
571;Beatenberg;Bern;Bern;1.196;1292;;
2499;Stüsslingen;Solothurn;Solothurn;1.196;1293;;
4320;Tegerfelden;Aargau;Aargau;1.195;1294;;
6614;Choulex;Genève;Genève;1.188;1295;;
6077;Goms;Valais;Valais;1.184;1296;;
2025;Lully (FR);Fribourg;Fribourg;1.178;1297;;
3791;Zuoz;Graubünden;Graubünden;1.177;1298;;
4224;Beinwil (Freiamt);Aargau;Aargau;1.176;1300;;
2547;Günsberg;Solothurn;Solothurn;1.176;1299;;
4183;Zeihen;Aargau;Aargau;1.175;1301;;
888;Wald (BE);Bern;Bern;1.174;1302;;
5714;Crassier;Vaud;Vaud;1.174;1303;;
2051;Delley-Portalban;Fribourg;Fribourg;1.173;1304;;
2235;La Sonnaz;Fribourg;Fribourg;1.173;1305;;
5408;Noville;Vaud;Vaud;1.170;1306;;
904;Röthenbach im Emmental;Bern;Bern;1.169;1307;;
6601;Aire-la-Ville;Genève;Genève;1.169;1308;;
2471;Bättwil;Solothurn;Solothurn;1.166;1309;;
3988;Obersaxen Mundaun;Graubünden;Graubünden;1.165;1311;;
1056;Greppen;Luzern;Luzern;1.165;1310;;
3987;Trun;Graubünden;Graubünden;1.164;1312;;
2702;Bettingen;Basel-Stadt;Basel-Stadt;1.163;1314;;
756;Twann-Tüscherz;Bern;Bern;1.163;1313;;
2276;Ried bei Kerzers;Fribourg;Fribourg;1.160;1315;;
989;Thörigen;Bern;Bern;1.158;1316;;
2430;Welschenrohr-Gänsbrunnen;Solothurn;Solothurn;1.158;1317;;
4143;Schmiedrued;Aargau;Aargau;1.152;1319;;
2333;Remaufens;Fribourg;Fribourg;1.152;1318;;
783;Hasliberg;Bern;Bern;1.151;1320;;
3863;Jenaz;Graubünden;Graubünden;1.151;1321;;
4132;Birrwil;Aargau;Aargau;1.149;1322;;
585;Leissigen;Bern;Bern;1.148;1323;;
1366;Morschach;Schwyz;Schwyz;1.148;1324;;
5310;Cevio;Ticino;Ticino;1.146;1325;;
5521;Etagnières;Vaud;Vaud;1.144;1326;;
6810;La Baroche;Jura;Jura;1.142;1328;;
5410;Ormont-Dessous;Vaud;Vaud;1.142;1327;;
3104;Schlatt-Haslen;Appenzell Innerrhoden;Appenzell Innerrhoden;1.140;1331;;
977;Heimenhausen;Bern;Bern;1.140;1329;;
2461;Schnottwil;Solothurn;Solothurn;1.140;1330;;
5541;Goumoëns;Vaud;Vaud;1.140;1332;;
5726;La Rippe;Vaud;Vaud;1.140;1333;;
5397;Centovalli;Ticino;Ticino;1.134;1334;;
3790;Silvaplana;Graubünden;Graubünden;1.132;1335;;
566;Krattigen;Bern;Bern;1.131;1336;;
5527;Morrens (VD);Vaud;Vaud;1.129;1338;;
12;Rifferswil;Zürich;Zürich;1.129;1337;;
5706;Borex;Vaud;Vaud;1.128;1339;;
3985;Sumvitg;Graubünden;Graubünden;1.121;1341;;
65;Oberembrach;Zürich;Zürich;1.121;1340;;
3551;Brusio;Graubünden;Graubünden;1.120;1342;;
2153;Sorens;Fribourg;Fribourg;1.119;1343;;
4791;Wuppenau;Thurgau;Thurgau;1.118;1344;;
2044;Surpierre;Fribourg;Fribourg;1.115;1345;;
4811;Herdern;Thurgau;Thurgau;1.115;1346;;
1365;Lauerz;Schwyz;Schwyz;1.114;1347;;
4229;Bünzen;Aargau;Aargau;1.113;1349;;
863;Burgistein;Bern;Bern;1.113;1348;;
869;Kaufdorf;Bern;Bern;1.112;1350;;
6090;Mont-Noble;Valais;Valais;1.110;1351;;
960;Wyssachen;Bern;Bern;1.108;1352;;
2301;Rechthalten;Fribourg;Fribourg;1.108;1353;;
5744;Ballaigues;Vaud;Vaud;1.108;1354;;
951;Affoltern im Emmental;Bern;Bern;1.106;1355;;
2895;Waldenburg;Basel-Landschaft;Basel-Landschaft;1.103;1356;;
5494;Pampigny;#NV;#NV;1.103;1357;;
2788;Liesberg;Basel-Landschaft;Basel-Landschaft;1.102;1358;;
6119;Turtmann-Unterems;Valais;Valais;1.100;1359;;
2022;Gletterens;Fribourg;Fribourg;1.097;1360;;
401;Aefligen;Bern;Bern;1.096;1361;;
5715;Duillier;Vaud;Vaud;1.089;1362;;
4107;Mülligen;Aargau;Aargau;1.086;1363;;
6809;Haute-Ajoie;Jura;Jura;1.085;1365;;
220;Hagenbuch;Zürich;Zürich;1.085;1364;;
2464;Lüsslingen-Nennigkofen;Solothurn;Solothurn;1.084;1366;;
4616;Uesslingen-Buch;Thurgau;Thurgau;1.084;1367;;
5732;Vich;Vaud;Vaud;1.083;1368;;
5511;Assens;Vaud;Vaud;1.075;1369;;
2155;Vaulruz;Fribourg;Fribourg;1.071;1370;;
2844;Buus;Basel-Landschaft;Basel-Landschaft;1.069;1372;;
784;Innertkirchen;Bern;Bern;1.069;1371;;
2016;Fétigny;Fribourg;Fribourg;1.068;1373;;
5415;Yvorne;Vaud;Vaud;1.067;1374;;
5434;Saint-George;Vaud;Vaud;1.063;1375;;
6293;Stalden (VS);Valais;Valais;1.062;1376;;
40;Trüllikon;Zürich;Zürich;1.061;1377;;
2472;Büren (SO);Solothurn;Solothurn;1.059;1378;;
5553;Champagne;Vaud;Vaud;1.057;1380;;
61;Hüntwangen;Zürich;Zürich;1.057;1379;;
5539;Vuarrens;Vaud;Vaud;1.054;1381;;
4164;Gansingen;Aargau;Aargau;1.053;1382;;
2826;Giebenach;Basel-Landschaft;Basel-Landschaft;1.051;1383;;
4601;Neunforn;Thurgau;Thurgau;1.048;1384;;
4256;Obermumpf;Aargau;Aargau;1.047;1385;;
6625;Hermance;Genève;Genève;1.047;1387;;
4701;Wäldi;Thurgau;Thurgau;1.047;1386;;
403;Bäriswil;Bern;Bern;1.046;1388;;
952;Dürrenroth;Bern;Bern;1.046;1389;;
3219;Untereggen;St. Gallen;St. Gallen;1.046;1390;;
4175;Oeschgen;Aargau;Aargau;1.044;1392;;
2087;Mézières (FR);Fribourg;Fribourg;1.044;1391;;
6782;Cornol;Jura;Jura;1.043;1393;;
4182;Wölflinswil;Aargau;Aargau;1.042;1395;;
2822;Augst;Basel-Landschaft;Basel-Landschaft;1.042;1394;;
5745;Baulmes;Vaud;Vaud;1.042;1396;;
4262;Wegenstetten;Aargau;Aargau;1.040;1397;;
4028;Freienwil;Aargau;Aargau;1.038;1399;;
2582;Rickenbach (SO);Solothurn;Solothurn;1.038;1398;;
6423;La Sagne;Neuchâtel;Neuchâtel;1.037;1401;;
214;Dägerlen;Zürich;Zürich;1.037;1400;;
4066;Eggenwil;Aargau;Aargau;1.034;1402;;
5480;Daillens;Vaud;Vaud;1.034;1403;;
5501;Sullens;Vaud;Vaud;1.034;1404;;
754;Walperswil;Bern;Bern;1.032;1405;;
2915;Dörflingen;Schaffhausen;Schaffhausen;1.031;1406;;
6035;Sembrancher;Valais;Valais;1.031;1408;;
5520;Essertines-sur-Yverdon;Vaud;Vaud;1.031;1407;;
1041;Schongau;Luzern;Luzern;1.030;1409;;
2335;Saint-Martin (FR);Fribourg;Fribourg;1.028;1410;;
302;Bargen (BE);Bern;Bern;1.025;1411;;
5554;Concise;Vaud;Vaud;1.024;1412;;
5720;Givrins;Vaud;Vaud;1.024;1413;;
5079;Quinto;Ticino;Ticino;1.020;1414;;
3031;Grub (AR);Appenzell Ausserrhoden;Appenzell Ausserrhoden;1.013;1416;;
2300;Plasselb;Fribourg;Fribourg;1.013;1415;;
611;Kiesen;Bern;Bern;1.012;1417;;
770;Stocken-Höfen;Bern;Bern;1.012;1418;;
1122;Altbüron;Luzern;Luzern;1.012;1419;;
5486;L'Isle;Vaud;Vaud;1.009;1420;;
945;Unterlangenegg;Bern;Bern;1.008;1421;;
6212;Dorénaz;Valais;Valais;1.007;1422;;
2545;Flumenthal;Solothurn;Solothurn;1.004;1423;;
2257;Cressier (FR);Fribourg;Fribourg;1.003;1424;;
2480;Seewen;Solothurn;Solothurn;1.003;1425;;
6173;Bitsch;Valais;Valais;1.002;1426;;
4133;Burg (AG);Aargau;Aargau;1.000;1428;;
767;Reutigen;Bern;Bern;1.000;1427;;
4426;Kesswil;Thurgau;Thurgau;999;1429;;
385;Diessbach bei Büren;Bern;Bern;994;1430;;
1348;Vorderthal;Schwyz;Schwyz;992;1431;;
5144;Arogno;Ticino;Ticino;992;1432;;
2544;Feldbrunnen-St. Niklaus;Solothurn;Solothurn;991;1433;;
5473;Boussens;Vaud;Vaud;991;1434;;
1025;Ermensee;Luzern;Luzern;989;1435;;
6609;Cartigny;Genève;Genève;986;1438;;
6291;Saas-Grund;Valais;Valais;986;1437;;
5637;Lavigny;Vaud;Vaud;986;1436;;
554;Wiler bei Utzenstorf;Bern;Bern;985;1440;;
182;Wildberg;Zürich;Zürich;985;1439;;
6456;Lignières;Neuchâtel;Neuchâtel;980;1441;;
3603;Vals;Graubünden;Graubünden;979;1443;;
24;Buch am Irchel;Zürich;Zürich;979;1442;;
4064;Büttikon;Aargau;Aargau;975;1444;;
2115;Torny;Fribourg;Fribourg;973;1445;;
4315;Rekingen (AG);#NV;#NV;973;1446;;
2303;St. Silvester;Fribourg;Fribourg;971;1447;;
6010;Termen;Valais;Valais;971;1449;;
4167;Hornussen;#NV;#NV;971;1448;;
841;Gsteig;Bern;Bern;970;1450;;
5651;Villars-Sainte-Croix;Vaud;Vaud;970;1451;;
5064;Bodio;Ticino;Ticino;968;1452;;
3002;Hundwil;Appenzell Ausserrhoden;Appenzell Ausserrhoden;967;1453;;
6155;Saint-Gingolph;Valais;Valais;967;1454;;
5492;Montricher;Vaud;Vaud;966;1455;;
5708;Chavannes-des-Bois;Vaud;Vaud;966;1456;;
4221;Abtwil;Aargau;Aargau;964;1457;;
958;Trachselwald;Bern;Bern;962;1458;;
3640;Sils im Domleschg;Graubünden;Graubünden;960;1459;;
2888;Langenbruck;Basel-Landschaft;Basel-Landschaft;957;1460;;
6639;Soral;Genève;Genève;955;1461;;
2274;Muntelier;Fribourg;Fribourg;954;1462;;
495;Gampelen;Bern;Bern;953;1463;;
5817;Grandcour;Vaud;Vaud;952;1465;;
87;Hüttikon;Zürich;Zürich;952;1464;;
5746;Bavois;Vaud;Vaud;951;1466;;
4172;Münchwilen (AG);Aargau;Aargau;950;1467;;
2618;Himmelried;Solothurn;Solothurn;947;1468;;
1374;Steinerberg;Schwyz;Schwyz;939;1469;;
5484;Gollion;Vaud;Vaud;939;1470;;
39;Thalheim an der Thur;Zürich;Zürich;938;1471;;
2615;Erschwil;Solothurn;Solothurn;935;1472;;
2853;Maisprach;Basel-Landschaft;Basel-Landschaft;930;1474;;
602;Arni (BE);Bern;Bern;930;1473;;
5406;Lavey-Morcles;Vaud;Vaud;929;1475;;
441;Renan (BE);Bern;Bern;927;1476;;
6702;Boécourt;Jura;Jura;925;1478;;
2477;Metzerlen-Mariastein;Solothurn;Solothurn;925;1477;;
448;Villeret;Bern;Bern;924;1479;;
1100;Schlierbach;Luzern;Luzern;921;1480;;
5891;Veytaux;Vaud;Vaud;920;1481;;
2518;Etziken;Solothurn;Solothurn;917;1482;;
2863;Tenniken;Basel-Landschaft;Basel-Landschaft;915;1483;;
6131;Bovernier;Valais;Valais;915;1484;;
5154;Bissone;Ticino;Ticino;913;1485;;
4238;Rottenschwil;Aargau;Aargau;910;1486;;
2129;Corbières;Fribourg;Fribourg;908;1487;;
3701;Andeer;Graubünden;Graubünden;906;1488;;
906;Schangnau;Bern;Bern;905;1489;;
3672;Safiental;Graubünden;Graubünden;903;1490;;
3372;Hemberg;St. Gallen;St. Gallen;902;1491;;
391;Oberwil bei Büren;Bern;Bern;901;1493;;
2474;Gempen;Solothurn;Solothurn;901;1494;;
218;Ellikon an der Thur;Zürich;Zürich;901;1492;;
5873;Le Lieu;Vaud;Vaud;900;1495;;
4277;Moosleerau;Aargau;Aargau;899;1496;;
3544;Bergün Filisur;Graubünden;Graubünden;898;1497;;
5571;Tévenon;Vaud;Vaud;897;1498;;
3952;Jenins;Graubünden;Graubünden;895;1499;;
6057;Fiesch;Valais;Valais;891;1500;;
4801;Berlingen;Thurgau;Thurgau;890;1501;;
1145;Ufhusen;Luzern;Luzern;888;1502;;
4179;Ueken;Aargau;Aargau;884;1503;;
5653;Vufflens-le-Château;Vaud;Vaud;883;1504;;
5458;Faoug;Vaud;Vaud;881;1505;;
4307;Full-Reuenthal;Aargau;Aargau;880;1507;;
2953;Siblingen;Schaffhausen;Schaffhausen;880;1506;;
4197;Hallwil;Aargau;Aargau;879;1509;;
344;Ursenbach;Bern;Bern;879;1508;;
502;Vinelz;Bern;Bern;877;1510;;
2901;Gächlingen;Schaffhausen;Schaffhausen;876;1511;;
4193;Brunegg;Aargau;Aargau;874;1512;;
3036;Wald (AR);Appenzell Ausserrhoden;Appenzell Ausserrhoden;872;1514;;
2529;Oekingen;Solothurn;Solothurn;872;1513;;
5412;Rennaz;Vaud;Vaud;872;1515;;
4275;Kirchleerau;Aargau;Aargau;870;1518;;
382;Büetigen;Bern;Bern;870;1516;;
1368;Oberiberg;Schwyz;Schwyz;870;1517;;
4264;Zuzgen;Aargau;Aargau;864;1520;;
2328;Granges (Veveyse);Fribourg;Fribourg;864;1519;;
5515;Bretigny-sur-Morrens;Vaud;Vaud;864;1521;;
5427;Féchy;Vaud;Vaud;860;1522;;
867;Gurzelen;Bern;Bern;859;1523;;
5843;Rougemont;Vaud;Vaud;858;1525;;
5178;Croglio;#NV;#NV;858;1524;;
393;Rüti bei Büren;Bern;Bern;857;1526;;
742;Mörigen;Bern;Bern;856;1527;;
2936;Merishausen;Schaffhausen;Schaffhausen;856;1528;;
761;Därstetten;Bern;Bern;855;1529;;
1131;Grossdietwil;Luzern;Luzern;854;1530;;
2933;Buchberg;Schaffhausen;Schaffhausen;854;1531;;
3211;Berg (SG);St. Gallen;St. Gallen;851;1532;;
357;Oberbalm;Bern;Bern;849;1533;;
5497;Pompaples;Vaud;Vaud;849;1535;;
5202;Monteggio;#NV;#NV;849;1534;;
2134;Grandvillard;Fribourg;Fribourg;847;1536;;
4756;Schönholzerswilen;Thurgau;Thurgau;846;1537;;
22;Benken (ZH);Zürich;Zürich;845;1538;;
3882;Küblis;Graubünden;Graubünden;844;1539;;
5705;Bogis-Bossey;Vaud;Vaud;843;1540;;
2177;Chénens;Fribourg;Fribourg;842;1541;;
4590;Hüttlingen;Thurgau;Thurgau;842;1542;;
4112;Rüfenach;Aargau;Aargau;841;1545;;
3764;Valsot;Graubünden;Graubünden;841;1543;;
3835;San Vittore;Graubünden;Graubünden;841;1544;;
2862;Tecknau;Basel-Landschaft;Basel-Landschaft;839;1546;;
6087;Saint-Martin (VS);Valais;Valais;838;1547;;
2520;Halten;Solothurn;Solothurn;836;1548;;
4142;Schlossrued;Aargau;Aargau;835;1550;;
3951;Fläsch;Graubünden;Graubünden;835;1549;;
494;Gals;Bern;Bern;833;1551;;
5073;Giornico;Ticino;Ticino;833;1552;;
5207;Novaggio;Ticino;Ticino;832;1553;;
6134;Isérables;Valais;Valais;832;1554;;
2068;Châtonnaye;Fribourg;Fribourg;830;1556;;
2523;Horriwil;Solothurn;Solothurn;830;1557;;
1218;Spiringen;Uri;Uri;830;1555;;
2131;Echarlens;Fribourg;Fribourg;829;1558;;
2455;Lüterkofen-Ichertswil;Solothurn;Solothurn;829;1559;;
5533;Poliez-Pittet;Vaud;Vaud;828;1560;;
6211;Collonges;Valais;Valais;826;1561;;
2842;Böckten;Basel-Landschaft;Basel-Landschaft;825;1562;;
5913;Donneloye;Vaud;Vaud;824;1563;;
842;Lauenen;Bern;Bern;823;1564;;
564;Kandergrund;Bern;Bern;821;1565;;
449;Sauge;Bern;Bern;819;1566;;
925;Fahrni;Bern;Bern;819;1567;;
5639;Lully (VD);Vaud;Vaud;818;1568;;
5219;Rovio;#NV;#NV;817;1569;;
4723;Braunau;Thurgau;Thurgau;815;1570;;
4117;Thalheim (AG);Aargau;Aargau;812;1571;;
5205;Muzzano;Ticino;Ticino;810;1572;;
3821;Lostallo;Graubünden;Graubünden;805;1573;;
4273;Bottenwil;Aargau;Aargau;804;1575;;
4094;Bözen;#NV;#NV;804;1574;;
4259;Schupfart;Aargau;Aargau;802;1576;;
2611;Bärschwil;Solothurn;Solothurn;801;1577;;
5077;Pollegio;Ticino;Ticino;799;1578;;
1363;Illgau;Schwyz;Schwyz;797;1579;;
2173;Autigny;Fribourg;Fribourg;796;1580;;
921;Amsoldingen;Bern;Bern;795;1581;;
5926;Pomy;Vaud;Vaud;793;1582;;
6610;Céligny;Genève;Genève;791;1583;;
3638;Scharans;Graubünden;Graubünden;790;1584;;
5535;Saint-Barthélemy (VD);Vaud;Vaud;790;1585;;
766;Oberwil im Simmental;Bern;Bern;789;1587;;
1001;Doppleschwand;Luzern;Luzern;789;1588;;
226;Schlatt (ZH);Zürich;Zürich;789;1586;;
2063;Billens-Hennens;Fribourg;Fribourg;786;1589;;
4251;Hellikon;Aargau;Aargau;785;1590;;
5853;Bursins;Vaud;Vaud;783;1591;;
2938;Rüdlingen;Schaffhausen;Schaffhausen;781;1592;;
2845;Diepflingen;Basel-Landschaft;Basel-Landschaft;777;1594;;
948;Forst-Längenbühl;Bern;Bern;777;1593;;
5161;Cademario;Ticino;Ticino;776;1596;;
215;Dättlikon;Zürich;Zürich;776;1595;;
6220;Vérossaz;Valais;Valais;774;1597;;
5213;Ponte Tresa;#NV;#NV;773;1598;;
3752;Samnaun;Graubünden;Graubünden;772;1599;;
6785;Courtedoux;Jura;Jura;772;1600;;
724;Nods;Bern;Bern;769;1601;;
2571;Boningen;Solothurn;Solothurn;769;1602;;
2858;Rothenfluh;Basel-Landschaft;Basel-Landschaft;764;1603;;
4138;Leutwil;Aargau;Aargau;758;1605;;
98;Schleinikon;Zürich;Zürich;758;1604;;
4093;Birrhard;Aargau;Aargau;757;1606;;
2883;Bretzwil;Basel-Landschaft;Basel-Landschaft;753;1607;;
5522;Fey;Vaud;Vaud;751;1608;;
2217;Ponthaux;Fribourg;Fribourg;750;1609;;
5922;Montagny-près-Yverdon;Vaud;Vaud;747;1610;;
2860;Rünenberg;Basel-Landschaft;Basel-Landschaft;746;1611;;
6193;Bürchen;Valais;Valais;744;1612;;
2917;Lohn (SH);Schaffhausen;Schaffhausen;743;1613;;
2535;Drei Höfe;Solothurn;Solothurn;740;1614;;
5631;Denens;Vaud;Vaud;740;1615;;
2548;Hubersdorf;Solothurn;Solothurn;737;1616;;
6198;Niedergesteln;Valais;Valais;731;1617;;
326;Gondiswil;Bern;Bern;728;1618;;
3581;Sagogn;Graubünden;Graubünden;728;1619;;
2259;Galmiz;#NV;#NV;727;1620;;
5856;Essertines-sur-Rolle;Vaud;Vaud;725;1621;;
5909;Cheseaux-Noréaz;Vaud;Vaud;725;1622;;
2585;Walterswil (SO);Solothurn;Solothurn;724;1623;;
620;Oberthal;Bern;Bern;723;1624;;
6635;Presinge;Genève;Genève;723;1626;;
6101;Agarn;Valais;Valais;723;1625;;
4191;Ammerswil;Aargau;Aargau;722;1627;;
4004;Densbüren;Aargau;Aargau;721;1628;;
6781;Coeuve;Jura;Jura;721;1629;;
5489;Mex (VD);Vaud;Vaud;718;1630;;
5121;Orselina;Ticino;Ticino;717;1632;;
4316;Rietheim;#NV;#NV;717;1631;;
5203;Morcote;Ticino;Ticino;715;1633;;
324;Bleienbach;Bern;Bern;713;1634;;
6033;Liddes;Valais;Valais;711;1635;;
5933;Valeyres-sous-Montagny;Vaud;Vaud;709;1636;;
2784;Dittingen;Basel-Landschaft;Basel-Landschaft;708;1637;;
2832;Ramlinsburg;Basel-Landschaft;Basel-Landschaft;708;1638;;
927;Heiligenschwendi;Bern;Bern;707;1639;;
2865;Wenslingen;Basel-Landschaft;Basel-Landschaft;706;1640;;
3035;Reute (AR);Appenzell Ausserrhoden;Appenzell Ausserrhoden;704;1641;;
2266;Kleinbösingen;Fribourg;Fribourg;702;1643;;
3789;Sils im Engadin/Segl;Graubünden;Graubünden;702;1644;;
1219;Unterschächen;Uri;Uri;702;1642;;
1129;Fischbach;Luzern;Luzern;700;1645;;
5195;Maroggia;#NV;#NV;700;1646;;
2781;Blauen;Basel-Landschaft;Basel-Landschaft;699;1647;;
1142;Roggliswil;Luzern;Luzern;698;1650;;
21;Adlikon;Zürich;Zürich;698;1648;;
211;Altikon;Zürich;Zürich;698;1649;;
6203;Mörel-Filet;Valais;Valais;695;1651;;
5640;Lussy-sur-Morges;Vaud;Vaud;694;1652;;
2425;Holderbank (SO);Solothurn;Solothurn;692;1653;;
5905;Champvent;Vaud;Vaud;691;1654;;
2843;Buckten;Basel-Landschaft;Basel-Landschaft;689;1655;;
433;Cortébert;Bern;Bern;688;1656;;
5435;Saint-Livres;Vaud;Vaud;688;1657;;
4176;Schwaderloch;Aargau;Aargau;685;1659;;
943;Uebeschi;Bern;Bern;685;1658;;
5623;Buchillon;Vaud;Vaud;685;1661;;
5222;Sessa;#NV;#NV;685;1660;;
6627;Laconnex;Genève;Genève;684;1662;;
4406;Dozwil;Thurgau;Thurgau;683;1663;;
2137;Hauteville;Fribourg;Fribourg;681;1664;;
3788;S-chanf;Graubünden;Graubünden;681;1665;;
3785;La Punt Chamues-ch;Graubünden;Graubünden;679;1666;;
1215;Seelisberg;Uri;Uri;678;1667;;
6721;Rossemaison;Jura;Jura;674;1668;;
6750;Lajoux (JU);Jura;Jura;672;1669;;
748;Schwadernau;Bern;Bern;670;1670;;
2620;Meltingen;Solothurn;Solothurn;668;1671;;
2882;Bennwil;Basel-Landschaft;Basel-Landschaft;667;1672;;
323;Bannwil;Bern;Bern;661;1673;;
5136;Onsernone;Ticino;Ticino;661;1674;;
1007;Romoos;Luzern;Luzern;659;1675;;
1121;Alberswil;Luzern;Luzern;659;1676;;
4826;Mammern;Thurgau;Thurgau;659;1677;;
6116;Varen;Valais;Valais;658;1679;;
26;Dorf;Zürich;Zürich;658;1678;;
5552;Bullet;Vaud;Vaud;657;1680;;
5792;Montpreveyres;Vaud;Vaud;657;1681;;
617;Niederhünigen;Bern;Bern;656;1682;;
6076;Obergoms;Valais;Valais;656;1683;;
2292;Brünisried;Fribourg;Fribourg;653;1684;;
6775;Bonfol;Jura;Jura;652;1685;;
5471;Bettens;Vaud;Vaud;650;1686;;
738;Jens;Bern;Bern;649;1687;;
579;Habkern;Bern;Bern;648;1688;;
6778;Bure;Jura;Jura;648;1689;;
2622;Zullwil;Solothurn;Solothurn;646;1690;;
5929;Suchy;Vaud;Vaud;645;1692;;
8;Maschwanden;Zürich;Zürich;645;1691;;
706;Saicourt;Bern;Bern;644;1693;;
973;Bettenhausen;Bern;Bern;644;1694;;
6511;Les Verrières;Neuchâtel;Neuchâtel;644;1695;;
2138;Jaun;Fribourg;Fribourg;643;1696;;
622;Oppligen;Bern;Bern;641;1697;;
5399;Verzasca 3);Ticino;Ticino;640;1698;;
5855;Dully;Vaud;Vaud;639;1699;;
2143;Morlon;Fribourg;Fribourg;638;1700;;
6286;Lalden;Valais;Valais;638;1701;;
4227;Bettwil;Aargau;Aargau;636;1702;;
4319;Siglistorf;Aargau;Aargau;636;1703;;
6191;Ausserberg;Valais;Valais;633;1704;;
5743;Arnex-sur-Orbe;Vaud;Vaud;632;1705;;
4084;Islisberg;Aargau;Aargau;631;1706;;
4226;Besenbüren;Aargau;Aargau;631;1707;;
592;Schwanden bei Brienz;Bern;Bern;630;1708;;
615;Mirchel;Bern;Bern;626;1709;;
6432;La Brévine;Neuchâtel;Neuchâtel;622;1711;;
5858;Luins;Vaud;Vaud;622;1710;;
1361;Alpthal;Schwyz;Schwyz;621;1712;;
4096;Effingen;#NV;#NV;621;1713;;
3572;Falera;Graubünden;Graubünden;620;1714;;
5763;Valeyres-sous-Rances;Vaud;Vaud;619;1715;;
2123;Botterens;Fribourg;Fribourg;616;1716;;
5529;Oulens-sous-Echallens;Vaud;Vaud;615;1717;;
5803;Vulliens;Vaud;Vaud;614;1718;;
3582;Schluein;Graubünden;Graubünden;612;1719;;
5149;Bedigliora;Ticino;Ticino;611;1720;;
980;Inkwil;Bern;Bern;610;1721;;
4446;Sommeri;Thurgau;Thurgau;610;1722;;
394;Wengi;Bern;Bern;608;1723;;
2616;Fehren;Solothurn;Solothurn;608;1724;;
2866;Wintersingen;Basel-Landschaft;Basel-Landschaft;607;1726;;
613;Landiswil;Bern;Bern;607;1725;;
3781;Bever;Graubünden;Graubünden;607;1727;;
991;Walliswil bei Wangen;Bern;Bern;606;1728;;
499;Siselen;Bern;Bern;603;1729;;
5652;Villars-sous-Yens;Vaud;Vaud;603;1730;;
5919;Mathod;Vaud;Vaud;601;1731;;
610;Herbligen;Bern;Bern;599;1732;;
2973;Trasadingen;Schaffhausen;Schaffhausen;598;1733;;
2147;Pont-la-Ville;Fribourg;Fribourg;595;1734;;
3861;Fideris;Graubünden;Graubünden;595;1736;;
2514;Bolken;Solothurn;Solothurn;595;1735;;
5728;Signy-Avenex;Vaud;Vaud;594;1737;;
6239;Icogne;Valais;Valais;593;1738;;
81;Bachs;Zürich;Zürich;592;1739;;
630;Allmendingen;Bern;Bern;591;1740;;
6267;Veysonnaz;Valais;Valais;590;1741;;
4173;Oberhof;Aargau;Aargau;589;1742;;
491;Brüttelen;Bern;Bern;588;1743;;
2857;Rickenbach (BL);Basel-Landschaft;Basel-Landschaft;585;1744;;
4495;Hohentannen;Thurgau;Thurgau;584;1745;;
6751;Montfaucon;Jura;Jura;583;1747;;
5230;Vernate;Ticino;Ticino;583;1746;;
493;Finsterhennen;Bern;Bern;581;1748;;
3714;Rheinwald;Graubünden;Graubünden;581;1749;;
2881;Arboldswil;Basel-Landschaft;Basel-Landschaft;580;1750;;
2421;Aedermannsdorf;Solothurn;Solothurn;579;1751;;
5766;Vuiteboeuf;Vaud;Vaud;578;1752;;
5622;Bremblens;Vaud;Vaud;577;1754;;
5692;Vucherens;Vaud;Vaud;577;1755;;
23;Berg am Irchel;Zürich;Zürich;577;1753;;
402;Alchenstorf;Bern;Bern;576;1756;;
543;Mattstetten;Bern;Bern;575;1757;;
2271;Meyriez;Fribourg;Fribourg;573;1758;;
5125;Ronco sopra Ascona;Ticino;Ticino;573;1759;;
557;Zuzwil (BE);Bern;Bern;570;1760;;
985;Ochlenberg;Bern;Bern;570;1761;;
340;Rütschelen;Bern;Bern;566;1762;;
2424;Herbetswil;Solothurn;Solothurn;565;1763;;
5181;Curio;Ticino;Ticino;565;1764;;
70;Wasterkingen;Zürich;Zürich;563;1765;;
5530;Pailly;Vaud;Vaud;562;1766;;
411;Kernenried;Bern;Bern;560;1767;;
6806;Vendlincourt;Jura;Jura;559;1768;;
6202;Wiler (Lötschen);Valais;Valais;555;1769;;
2841;Anwil;Basel-Landschaft;Basel-Landschaft;553;1770;;
3831;Cama;Graubünden;Graubünden;552;1771;;
497;Lüscherz;Bern;Bern;551;1772;;
786;Schattenhalb;Bern;Bern;550;1773;;
740;Ligerz;Bern;Bern;547;1774;;
5842;Rossinière;Vaud;Vaud;543;1775;;
5423;Ballens;Vaud;Vaud;542;1776;;
959;Walterswil (BE);Bern;Bern;541;1777;;
6637;Russin;Genève;Genève;541;1778;;
3513;Lantsch/Lenz;Graubünden;Graubünden;539;1779;;
5621;Aclens;Vaud;Vaud;539;1780;;
5904;Chamblon;Vaud;Vaud;539;1781;;
669;Münchenwiler;Bern;Bern;538;1782;;
5790;Maracon;Vaud;Vaud;538;1783;;
6294;Staldenried;Valais;Valais;537;1784;;
2885;Eptingen;Basel-Landschaft;Basel-Landschaft;535;1785;;
2850;Känerkinden;Basel-Landschaft;Basel-Landschaft;533;1787;;
2086;Massonnens;Fribourg;Fribourg;533;1786;;
5761;Romainmôtier-Envy;Vaud;Vaud;533;1788;;
435;La Ferrière;Bern;Bern;529;1789;;
3003;Schönengrund;Appenzell Ausserrhoden;Appenzell Ausserrhoden;528;1791;;
1209;Gurtnellen;Uri;Uri;528;1790;;
580;Hofstetten bei Brienz;Bern;Bern;527;1792;;
341;Schwarzhäusern;Bern;Bern;525;1793;;
6715;Mervelier;Jura;Jura;523;1794;;
2617;Grindel;Solothurn;Solothurn;520;1795;;
5513;Bioley-Orjulaz;#NV;#NV;520;1796;;
5654;Vullierens;Vaud;Vaud;514;1797;;
4306;Fisibach;Aargau;Aargau;510;1798;;
2887;Lampenberg;Basel-Landschaft;Basel-Landschaft;508;1799;;
5323;Lavizzara;Ticino;Ticino;508;1800;;
5756;Montcherand;Vaud;Vaud;505;1801;;
6748;Les Genevez (JU);Jura;Jura;504;1804;;
2492;Kienberg;Solothurn;Solothurn;504;1802;;
5760;Rances;Vaud;Vaud;504;1803;;
931;Homberg;Bern;Bern;502;1805;;
877;Niedermuhlern;Bern;Bern;501;1806;;
691;Crémines;Bern;Bern;499;1807;;
2855;Oltingen;Basel-Landschaft;Basel-Landschaft;498;1808;;
3663;Masein;Graubünden;Graubünden;498;1809;;
5765;Vaulion;Vaud;Vaud;497;1810;;
6435;La Chaux-du-Milieu;Neuchâtel;Neuchâtel;496;1812;;
5565;Onnens (VD);Vaud;Vaud;496;1811;;
6753;Muriaux;Jura;Jura;494;1813;;
2868;Zeglingen;Basel-Landschaft;Basel-Landschaft;493;1814;;
5710;Coinsins;Vaud;Vaud;493;1815;;
5813;Chevroux;Vaud;Vaud;493;1816;;
606;Brenzikofen;Bern;Bern;492;1817;;
6056;Ernen;Valais;Valais;492;1818;;
924;Eriz;Bern;Bern;491;1819;;
5931;Treycovagnes;Vaud;Vaud;491;1820;;
432;Cormoret;Bern;Bern;490;1821;;
5551;Bonvillars;Vaud;Vaud;490;1822;;
4078;Uezwil;Aargau;Aargau;488;1823;;
6296;Törbel;Valais;Valais;488;1825;;
5798;Ropraz;Vaud;Vaud;488;1824;;
5479;Cuarnens;Vaud;Vaud;486;1827;;
5478;Cottens (VD);#NV;#NV;486;1826;;
32;Humlikon;Zürich;Zürich;485;1828;;
2008;Châtillon (FR);Fribourg;Fribourg;484;1829;;
6624;Gy;Genève;Genève;483;1830;;
6704;Châtillon (JU);Jura;Jura;483;1831;;
987;Rumisberg;Bern;Bern;482;1832;;
5429;Longirod;Vaud;Vaud;481;1833;;
5096;Brione sopra Minusio;Ticino;Ticino;480;1834;;
5491;Mont-la-Ville;Vaud;Vaud;478;1835;;
5499;Senarclens;Vaud;Vaud;477;1836;;
734;Bühl;Bern;Bern;476;1837;;
2962;Hemishofen;Schaffhausen;Schaffhausen;474;1839;;
1211;Isenthal;Uri;Uri;474;1838;;
4137;Leimbach (AG);Aargau;Aargau;473;1841;;
574;Brienzwiler;Bern;Bern;473;1840;;
5426;Bougy-Villars;Vaud;Vaud;473;1842;;
5852;Bursinel;Vaud;Vaud;473;1843;;
501;Tschugg;Bern;Bern;472;1844;;
5430;Marchissy;Vaud;Vaud;472;1845;;
95;Regensberg;Zürich;Zürich;469;1846;;
701;Perrefitte;Bern;Bern;467;1847;;
935;Oberlangenegg;Bern;Bern;464;1848;;
2951;Beggingen;Schaffhausen;Schaffhausen;463;1850;;
5186;Grancia;Ticino;Ticino;463;1851;;
5645;Romanel-sur-Morges;Vaud;Vaud;463;1852;;
41;Truttikon;Zürich;Zürich;463;1849;;
5160;Brusino Arsizio;Ticino;Ticino;459;1853;;
5487;Lussery-Villars;Vaud;Vaud;459;1854;;
5785;Corcelles-le-Jorat;Vaud;Vaud;457;1855;;
2789;Nenzlingen;Basel-Landschaft;Basel-Landschaft;455;1857;;
2045;Vallon;Fribourg;Fribourg;455;1856;;
607;Freimettigen;Bern;Bern;454;1858;;
2258;Fräschels;Fribourg;Fribourg;454;1859;;
5830;Villarzel;Vaud;Vaud;451;1860;;
5851;Allaman;Vaud;Vaud;451;1861;;
6205;Bettmeralp;Valais;Valais;450;1862;;
2278;Ulmiz;Fribourg;Fribourg;449;1863;;
5436;Saint-Oyens;Vaud;Vaud;447;1864;;
2035;Nuvilly;Fribourg;Fribourg;446;1865;;
6194;Eischoll;Valais;Valais;446;1866;;
6504;La Côte-aux-Fées;Neuchâtel;Neuchâtel;445;1868;;
5556;Fiez;Vaud;Vaud;445;1867;;
589;Oberried am Brienzersee;Bern;Bern;443;1869;;
666;Kriechenwil;Bern;Bern;442;1870;;
6181;Riederalp;Valais;Valais;441;1871;;
322;Auswil;Bern;Bern;440;1872;;
2867;Wittinsburg;Basel-Landschaft;Basel-Landschaft;439;1873;;
2972;Oberhallau;Schaffhausen;Schaffhausen;438;1874;;
747;Scheuren;Bern;Bern;437;1875;;
2027;Ménières;Fribourg;Fribourg;437;1876;;
6706;Courchapoix;Jura;Jura;437;1878;;
6201;Unterbäch;Valais;Valais;437;1877;;
5755;Lignerolle;Vaud;Vaud;436;1879;;
6287;Randa;Valais;Valais;435;1880;;
6718;Movelier;Jura;Jura;434;1882;;
5404;Corbeyrier;Vaud;Vaud;434;1881;;
2502;Wisen (SO);Solothurn;Solothurn;433;1883;;
6724;Soyhières;Jura;Jura;431;1886;;
5233;Vico Morcote;Ticino;Ticino;431;1885;;
1208;Göschenen;Uri;Uri;431;1884;;
2859;Rümlingen;Basel-Landschaft;Basel-Landschaft;430;1888;;
582;Iseltwald;Bern;Bern;430;1887;;
5403;Chessel;Vaud;Vaud;428;1889;;
6177;Grengiols;Valais;Valais;425;1890;;
2914;Büttenhardt;Schaffhausen;Schaffhausen;423;1891;;
4099;Habsburg;Aargau;Aargau;422;1892;;
5437;Saubraz;Vaud;Vaud;422;1893;;
541;Iffwil;Bern;Bern;421;1894;;
575;Därligen;Bern;Bern;421;1895;;
5531;Penthéréaz;Vaud;Vaud;421;1896;;
5472;Bournens;Vaud;Vaud;420;1897;;
2894;Titterten;Basel-Landschaft;Basel-Landschaft;419;1898;;
5493;Orny;Vaud;Vaud;416;1899;;
4308;Kaiserstuhl;#NV;#NV;415;1900;;
4846;Raperswilen;Thurgau;Thurgau;413;1901;;
5559;Giez;Vaud;Vaud;413;1902;;
736;Hagneck;Bern;Bern;412;1903;;
500;Treiten;Bern;Bern;411;1904;;
5644;Reverolle;#NV;#NV;411;1905;;
5078;Prato (Leventina);Ticino;Ticino;409;1906;;
6117;Guttet-Feschel;Valais;Valais;408;1907;;
993;Wangenried;Bern;Bern;405;1908;;
1220;Wassen;Uri;Uri;405;1909;;
577;Gsteigwiler;Bern;Bern;402;1910;;
5555;Corcelles-près-Concise;Vaud;Vaud;402;1911;;
5752;Croy;Vaud;Vaud;402;1912;;
1057;Honau;Luzern;Luzern;401;1913;;
716;Petit-Val;Bern;Bern;399;1914;;
2130;Crésuz;Fribourg;Fribourg;398;1915;;
5485;Grancy;Vaud;Vaud;397;1916;;
694;Grandval;Bern;Bern;396;1917;;
3712;Zillis-Reischen;Graubünden;Graubünden;396;1918;;
5009;Isone;Ticino;Ticino;396;1919;;
5474;La Chaux (Cossonay);Vaud;Vaud;395;1920;;
4106;Mönthal;Aargau;Aargau;394;1923;;
339;Rohrbachgraben;Bern;Bern;394;1921;;
2089;Montet (Glâne);Fribourg;Fribourg;394;1922;;
5910;Cronay;Vaud;Vaud;394;1924;;
741;Merzligen;Bern;Bern;391;1925;;
6792;Grandfontaine;Jura;Jura;388;1926;;
4233;Kallern;Aargau;Aargau;387;1927;;
5854;Burtigny;Vaud;Vaud;387;1928;;
5625;Bussy-Chardonney;#NV;#NV;384;1929;;
1217;Sisikon;Uri;Uri;383;1930;;
5628;Chigny;Vaud;Vaud;382;1931;;
5722;Grens;Vaud;Vaud;382;1932;;
5610;Saint-Saphorin (Lavaux);Vaud;Vaud;380;1934;;
43;Volken;Zürich;Zürich;380;1933;;
5788;Essertes;#NV;#NV;380;1935;;
5566;Provence;Vaud;Vaud;378;1936;;
5143;Aranno;Ticino;Ticino;376;1937;;
6052;Bellwald;Valais;Valais;375;1938;;
5902;Belmont-sur-Yverdon;Vaud;Vaud;374;1939;;
5819;Henniez;Vaud;Vaud;373;1940;;
671;Wileroltigen;Bern;Bern;372;1941;;
6214;Finhaut;Valais;Valais;372;1942;;
692;Eschert;Bern;Bern;367;1943;;
5673;Hermenches;Vaud;Vaud;366;1944;;
588;Niederried bei Interlaken;Bern;Bern;365;1945;;
5661;Boulens;Vaud;Vaud;365;1946;;
2067;Le Châtelard;Fribourg;Fribourg;364;1947;;
6288;Saas-Almagell;Valais;Valais;363;1948;;
4257;Olsberg;Aargau;Aargau;361;1949;;
3715;Muntogna da Schons;Graubünden;Graubünden;360;1950;;
5821;Missy;Vaud;Vaud;360;1951;;
578;Gündlischwand;Bern;Bern;357;1952;;
3633;Fürstenau;Graubünden;Graubünden;357;1953;;
5914;Ependes (VD);Vaud;Vaud;356;1954;;
3983;Medel (Lucmagn);Graubünden;Graubünden;355;1955;;
5742;Agiez;Vaud;Vaud;355;1956;;
5863;Vinzel;Vaud;Vaud;355;1957;;
4322;Wislikofen;#NV;#NV;353;1958;;
6719;Pleigne;Jura;Jura;352;1959;;
6789;Fahy;Jura;Jura;349;1960;;
696;Loveresse;Bern;Bern;344;1961;;
976;Graben;Bern;Bern;342;1962;;
5609;Rivaz;Vaud;Vaud;342;1963;;
6004;Eggerberg;Valais;Valais;338;1964;;
2072;Ecublens (FR);Fribourg;Fribourg;335;1965;;
6289;Saas-Balen;Valais;Valais;335;1966;;
4105;Mandach;Aargau;Aargau;334;1967;;
4317;Rümikon;#NV;#NV;334;1968;;
4651;Gottlieben;Thurgau;Thurgau;333;1969;;
2961;Buch (SH);Schaffhausen;Schaffhausen;332;1970;;
5924;Orges;Vaud;Vaud;332;1971;;
735;Epsach;Bern;Bern;331;1972;;
5076;Personico;Ticino;Ticino;331;1973;;
2827;Hersberg;Basel-Landschaft;Basel-Landschaft;330;1974;;
947;Zwieselberg;Bern;Bern;329;1975;;
5754;Juriens;Vaud;Vaud;328;1976;;
2445;Biezwil;Solothurn;Solothurn;327;1977;;
2574;Eppenberg-Wöschnau;Solothurn;Solothurn;327;1978;;
5206;Neggio;Ticino;Ticino;324;1979;;
6741;Le Bémont (JU);Jura;Jura;322;1980;;
2456;Lüterswil-Gächliwil;Solothurn;Solothurn;320;1981;;
6058;Fieschertal;Valais;Valais;320;1982;;
556;Zielebach;Bern;Bern;319;1983;;
3823;Soazza;Graubünden;Graubünden;319;1984;;
6197;Kippel;Valais;Valais;318;1986;;
5483;Ferreyres;Vaud;Vaud;318;1985;;
5200;Miglieglia;Ticino;Ticino;317;1987;;
2889;Lauwil;Basel-Landschaft;Basel-Landschaft;315;1988;;
6061;Lax;Valais;Valais;315;1990;;
5476;Chevilly;Vaud;Vaud;315;1989;;
629;Oberhünigen;Bern;Bern;313;1991;;
737;Hermrigen;Bern;Bern;313;1992;;
2260;Gempenach;#NV;#NV;313;1993;;
6434;Le Cerneux-Péquignot;Neuchâtel;Neuchâtel;312;1995;;
2931;Bargen (SH);Schaffhausen;Schaffhausen;312;1994;;
5907;Chavannes-le-Chêne;Vaud;Vaud;311;1996;;
5490;Moiry;Vaud;Vaud;310;1997;;
5669;Curtilles;Vaud;Vaud;310;1998;;
2491;Hauenstein-Ifenthal;Solothurn;Solothurn;308;1999;;
3932;Tschiertschen-Praden;Graubünden;Graubünden;307;2000;;
5431;Mollens (VD);Vaud;Vaud;307;2001;;
2043;Sévaz;Fribourg;Fribourg;304;2002;;
3637;Rothenbrunnen;Graubünden;Graubünden;304;2003;;
6783;Courchavon;Jura;Jura;303;2004;;
2066;Chapelle (Glâne);Fribourg;Fribourg;302;2005;;
6009;Simplon;Valais;Valais;300;2007;;
5424;Berolle;Vaud;Vaud;300;2006;;
5146;Astano;Ticino;Ticino;299;2008;;
868;Jaberg;Bern;Bern;298;2009;;
2128;Châtel-sur-Montsalvens;Fribourg;Fribourg;295;2010;;
5680;Ogens;Vaud;Vaud;295;2011;;
4097;Elfingen;#NV;#NV;294;2012;;
6192;Blatten;Valais;Valais;292;2013;;
681;Belprahon;Bern;Bern;291;2014;;
6299;Zeneggen;Valais;Valais;290;2015;;
711;Sorvilier;Bern;Bern;288;2016;;
5827;Trey;Vaud;Vaud;285;2017;;
6433;Brot-Plamboz;Neuchâtel;Neuchâtel;284;2018;;
2061;Auboranges;Fribourg;Fribourg;282;2019;;
6283;Embd;Valais;Valais;280;2020;;
2790;Roggenburg;Basel-Landschaft;Basel-Landschaft;279;2021;;
2783;Burg im Leimental;Basel-Landschaft;Basel-Landschaft;276;2022;;
2612;Beinwil (SO);Solothurn;Solothurn;275;2023;;
3805;Castaneda;Graubünden;Graubünden;274;2024;;
410;Höchstetten;Bern;Bern;270;2025;;
5748;Bretonnières;Vaud;Vaud;270;2026;;
6722;Saulcy;Jura;Jura;269;2027;;
2194;Ferpicloz;Fribourg;Fribourg;266;2028;;
6453;Enges;Neuchâtel;Neuchâtel;266;2030;;
4301;Baldingen;#NV;#NV;266;2029;;
5534;Rueyres;Vaud;Vaud;265;2031;;
665;Gurbrü;Bern;Bern;264;2032;;
2854;Nusshof;Basel-Landschaft;Basel-Landschaft;262;2033;;
6703;Bourrignon;Jura;Jura;261;2034;;
609;Häutligen;Bern;Bern;256;2035;;
2848;Hemmiken;Basel-Landschaft;Basel-Landschaft;255;2036;;
782;Guttannen;Bern;Bern;254;2037;;
6195;Ferden;Valais;Valais;250;2038;;
936;Pohlern;Bern;Bern;247;2039;;
3662;Flerden;Graubünden;Graubünden;247;2040;;
2847;Häfelfingen;Basel-Landschaft;Basel-Landschaft;243;2041;;
5741;L'Abergement;Vaud;Vaud;242;2042;;
6102;Albinen;Valais;Valais;240;2043;;
5911;Cuarny;Vaud;Vaud;239;2044;;
5921;Molondin;Vaud;Vaud;239;2045;;
5481;Dizy;Vaud;Vaud;234;2046;;
946;Wachseldorn;Bern;Bern;233;2047;;
5671;Dompierre (VD);Vaud;Vaud;233;2048;;
5701;Arnex-sur-Nyon;Vaud;Vaud;230;2049;;
5862;Tartegnin;Vaud;Vaud;230;2050;;
4314;Mellikon;Aargau;Aargau;229;2052;;
932;Horrenbach-Buchen;Bern;Bern;229;2051;;
5903;Bioley-Magnoux;Vaud;Vaud;229;2053;;
5934;Valeyres-sous-Ursins;Vaud;Vaud;227;2055;;
5500;Sévery;#NV;#NV;227;2054;;
586;Lütschental;Bern;Bern;226;2056;;
5932;Ursins;Vaud;Vaud;225;2057;;
2079;Grangettes;Fribourg;Fribourg;222;2058;;
3881;Conters im Prättigau;Graubünden;Graubünden;222;2059;;
4232;Geltwil;Aargau;Aargau;221;2062;;
335;Oeschenbach;Bern;Bern;221;2060;;
3514;Schmitten (GR);Graubünden;Graubünden;221;2061;;
6758;Saint-Brais;Jura;Jura;221;2064;;
5560;Grandevent;Vaud;Vaud;221;2063;;
2463;Unterramsern;Solothurn;Solothurn;218;2065;;
5663;Bussy-sur-Moudon;Vaud;Vaud;218;2066;;
990;Walliswil bei Niederbipp;Bern;Bern;217;2067;;
975;Farnern;Bern;Bern;215;2068;;
5557;Fontaines-sur-Grandson;Vaud;Vaud;215;2069;;
5759;Premier;Vaud;Vaud;215;2070;;
5930;Suscévaz;Vaud;Vaud;215;2071;;
6422;Les Planchettes;Neuchâtel;Neuchâtel;212;2072;;
408;Hellsau;Bern;Bern;211;2073;;
5665;Chavannes-sur-Moudon;Vaud;Vaud;210;2074;;
2541;Balm bei Günsberg;Solothurn;Solothurn;209;2075;;
5117;Mergoscia;Ticino;Ticino;209;2076;;
5925;Orzens;Vaud;Vaud;208;2077;;
3783;Madulain;Graubünden;Graubünden;207;2078;;
423;Willadingen;Bern;Bern;204;2079;;
442;Romont (BE);Bern;Bern;204;2080;;
536;Diemerswil;Bern;Bern;204;2081;;
5923;Oppens;Vaud;Vaud;203;2082;;
3862;Furna;Graubünden;Graubünden;202;2083;;
687;Corcelles (BE);Bern;Bern;201;2084;;
704;Roches (BE);Bern;Bern;201;2085;;
3837;Calanca;Graubünden;Graubünden;200;2086;;
6032;Bourg-Saint-Pierre;Valais;Valais;200;2087;;
5650;Vaux-sur-Morges;Vaud;Vaud;196;2088;;
6282;Eisten;Valais;Valais;194;2091;;
5683;Prévonloup;Vaud;Vaud;194;2089;;
5747;Bofflens;Vaud;Vaud;194;2090;;
5629;Clarmont;Vaud;Vaud;191;2092;;
5750;Les Clées;Vaud;Vaud;185;2093;;
5928;Rovray;Vaud;Vaud;185;2094;;
6793;Lugnez;Jura;Jura;182;2095;;
325;Busswil bei Melchnau;Bern;Bern;181;2096;;
1210;Hospental;Uri;Uri;180;2097;;
6787;Damphreux;Jura;Jura;179;2099;;
6104;Ergisch;Valais;Valais;179;2098;;
1343;Innerthal;Schwyz;Schwyz;177;2100;;
336;Reisiswil;Bern;Bern;174;2101;;
2261;Greng;Fribourg;Fribourg;173;2102;;
3681;Avers;Graubünden;Graubünden;171;2103;;
5071;Dalpe;Ticino;Ticino;171;2105;;
4302;Böbikon;#NV;#NV;171;2104;;
2890;Liedertswil;Basel-Landschaft;Basel-Landschaft;167;2107;;
422;Rüti bei Lyssach;Bern;Bern;167;2106;;
940;Teuffenthal (BE);Bern;Bern;166;2108;;
6142;Trient;Valais;Valais;165;2110;;
5758;La Praz;Vaud;Vaud;165;2109;;
683;Champoz;Bern;Bern;164;2111;;
4288;Wiliberg;Aargau;Aargau;163;2112;;
2851;Kilchberg (BL);Basel-Landschaft;Basel-Landschaft;161;2113;;
2216;Pierrafortscha;Fribourg;Fribourg;160;2114;;
5912;Démoret;Vaud;Vaud;157;2115;;
5688;Syens;Vaud;Vaud;155;2116;;
2524;Hüniken;Solothurn;Solothurn;153;2117;;
707;Saules (BE);Bern;Bern;152;2118;;
5475;Chavannes-le-Veyron;Vaud;Vaud;152;2119;;
5563;Mutrux;Vaud;Vaud;152;2120;;
5908;Chêne-Pâquier;Vaud;Vaud;152;2121;;
3808;Rossa;Graubünden;Graubünden;151;2122;;
1212;Realp;Uri;Uri;150;2123;;
6745;Les Enfers;Jura;Jura;149;2124;;
3670;Urmein;Graubünden;Graubünden;147;2125;;
3695;Sufers;Graubünden;Graubünden;145;2126;;
5762;Sergey;Vaud;Vaud;145;2127;;
5674;Lovatens;Vaud;Vaud;136;2128;;
5937;Vugelles-La Mothe;Vaud;Vaud;135;2129;;
6054;Binn;Valais;Valais;134;2130;;
3669;Tschappina;Graubünden;Graubünden;133;2131;;
5812;Champtauroz;Vaud;Vaud;130;2132;;
6112;Oberems;Valais;Valais;125;2133;;
6759;Soubey;Jura;Jura;123;2134;;
5690;Villars-le-Comte;Vaud;Vaud;122;2135;;
5562;Mauborget;Vaud;Vaud;120;2136;;
6713;Ederswiler;Jura;Jura;119;2137;;
6773;Beurnevésin;Jura;Jura;117;2138;;
5828;Treytorrens (Payerne);Vaud;Vaud;111;2139;;
437;Mont-Tramelan;Bern;Bern;109;2140;;
3810;Santa Maria in Calanca;Graubünden;Graubünden;109;2141;;
6109;Inden;Valais;Valais;108;2142;;
5063;Bedretto;Ticino;Ticino;106;2143;;
6716;Mettembert;Jura;Jura;105;2144;;
553;Wiggiswil;Bern;Bern;103;2145;;
5935;Villars-Epeney;Vaud;Vaud;101;2146;;
5564;Novalles;Vaud;Vaud;100;2147;;
6744;La Chaux-des-Breuleux;Jura;Jura;99;2148;;
591;Saxeten;Bern;Bern;93;2149;;
535;Deisswil bei Münchenbuchsee;Bern;Bern;91;2150;;
3804;Buseno;Graubünden;Graubünden;89;2151;;
1369;Riemenstalden;Schwyz;Schwyz;86;2152;;
5684;Rossenges;Vaud;Vaud;84;2153;;
3713;Ferrera;Graubünden;Graubünden;80;2154;;
421;Rumendingen;Bern;Bern;79;2155;;
6011;Zwischbergen;Valais;Valais;74;2156;;
2038;Prévondavaux;Fribourg;Fribourg;72;2157;;
2230;Villarsel-sur-Marly;Fribourg;Fribourg;72;2158;;
709;Seehof;Bern;Bern;60;2159;;
5488;Mauraz;Vaud;Vaud;57;2160;;
3711;Rongellen;Graubünden;Graubünden;53;2161;;
5307;Campo (Vallemaggia);Ticino;Ticino;51;2162;;
389;Meienried;Bern;Bern;50;2163;;
5304;Bosco/Gurin;Ticino;Ticino;49;2164;;
661;Clavaleyres;#NV;#NV;48;2165;;
5315;Linescio;Ticino;Ticino;47;2166;;
5309;Cerentino;Ticino;Ticino;45;2167;;
715;Rebévelier;Bern;Bern;42;2168;;
972;Berken;Bern;Bern;41;2169;;
708;Schelten;Bern;Bern;35;2170;;
6172;Bister;Valais;Valais;33;2171;;
2549;Kammersrohr;Solothurn;Solothurn;32;2172;;