INFO,BFS:REPORTINGMUNICIPALITYID,LOC:NAME,COMMENT
SAME_NAME,176,Lindau,
UNIQUE,4261,Wallbach,
SAME_NAME,6621,Genève,
UNIQUE,6607,Bernex,
SAME_NAME,158,Stäfa,
UNIQUE,6608,Carouge GE,
SAME_NAME,4080,Villmergen,
SAME_NAME,4821,Hüttwilen,
UNIQUE,3782,Celerina/Schlarigna,
UNIQUE,1054,Ebikon,
SAME_NAME,6643,Vernier,
UNIQUE,4092,Birr,
UNIQUE,6623,Le Grand-Saconnex,
UNIQUE,5120,Muralto,
SAME_NAME,6709,Courroux,
UNIQUE,6455,Le Landeron,
PLACE_OF_ORIGIN_NAME,5236,Montagnola,
UNIQUE,700,Moutier,
PLACE_OF_ORIGIN_NAME,6730,Vicques,
SAME_NAME,3832,Grono,
UNIQUE,261,Zürich,
SAME_NAME,6007,Naters,
UNIQUE,2534,Zuchwil,
SAME_NAME,1214,Seedorf UR,
SAME_NAME,141,Thalwil,
SAME_NAME,5113,Locarno,
UNIQUE,2701,Basel,
UNIQUE,2481,Witterswil,
SAME_NAME,5192,Lugano,
SAME_NAME,4471,Bischofszell,
UNIQUE,2767,Bottmingen,
PLACE_OF_ORIGIN_NAME,4486,Wilen (Gottshaus),
UNIQUE,2834,Ziefen,
SAME_NAME,3901,Chur,
UNIQUE,6781,Coeuve,
UNIQUE,6644,Versoix,
SAME_NAME,5586,Lausanne,
SAME_NAME,6630,Meyrin,
UNIQUE,6617,Cologny,
UNIQUE,6625,Hermance,
UNIQUE,6642,Vandoeuvres,
SAME_NAME,6616,Collonge-Bellerive,
UNIQUE,6606,Bellevue,
PLACE_OF_ORIGIN_NAME,6628,Grand-Lancy,
SAME_NAME,843,Saanen,
SAME_NAME,2939,Schaffhausen,
UNIQUE,371,Biel/Bienne,
PLACE_OF_ORIGIN_ID,3941,Haldenstein,
UNIQUE,5724,Nyon,
UNIQUE,5713,Crans VD,
UNIQUE,6602,Anières,
UNIQUE,6633,Plan-les-Ouates,
UNIQUE,6613,Chêne-Bourg,
PLACE_OF_ORIGIN_NAME,5409,Ollon VD,
UNIQUE,102,Weiach,
SAME_NAME,6645,Veyrier,
UNIQUE,6631,Onex,
UNIQUE,5514,Bottens,
PLACE_OF_ORIGIN_NAME,5568,Ste-Croix,
UNIQUE,6639,Soral,
UNIQUE,6618,Confignon,
UNIQUE,6640,Thônex,
UNIQUE,6614,Choulex,
UNIQUE,6611,Chancy,
UNIQUE,5456,Cudrefin,
PLACE_OF_ORIGIN_NAME,5613,Grandvaux,
UNIQUE,3787,St. Moritz,
SAME_NAME,295,Horgen,
SAME_NAME,5886,Montreux,
PLACE_OF_ORIGIN_NAME,6217,St-Maurice,
SAME_NAME,4001,Aarau,
PLACE_OF_ORIGIN_ID,5478,Cottens VD,
SAME_NAME,979,Herzogenbuchsee,
SAME_NAME,4566,Frauenfeld,
UNIQUE,2206,Marly,
SAME_NAME,4008,Küttigen,
UNIQUE,351,Bern,
SAME_NAME,942,Thun,
UNIQUE,2517,Derendingen,
UNIQUE,5196,Massagno,
SAME_NAME,3444,Waldkirch,
UNIQUE,3203,St. Gallen,
UNIQUE,2601,Solothurn,
SAME_NAME,3427,Wil SG,
SAME_NAME,66,Opfikon,
UNIQUE,546,Münchenbuchsee,
UNIQUE,1061,Luzern,
PLACE_OF_ORIGIN_NAME,356,Muri b. Bern,
UNIQUE,6451,Cornaux NE,
SAME_NAME,161,Zollikon,
SAME_NAME,1704,Menzingen,
PLACE_OF_ORIGIN_ID,6031,Le Châble VS,See placeOfOriginID=6037/placeOfOriginName=Val de Bagnes
SAME_NAME,362,Ittigen,
UNIQUE,2542,Bellach,
SAME_NAME,1058,Horw,
SAME_NAME,4063,Bremgarten AG,
SAME_NAME,1024,Emmen,
UNIQUE,56,Embrach,
SAME_NAME,4082,Wohlen AG,
UNIQUE,5624,Bussigny,
SAME_NAME,5606,Lutry,
UNIQUE,151,Erlenbach ZH,
UNIQUE,6771,Alle,
UNIQUE,245,Oberengstringen,
SAME_NAME,3668,Thusis,
SAME_NAME,198,Uster,
UNIQUE,3215,Rorschach,
UNIQUE,1364,Brunnen,
UNIQUE,5854,Burtigny,
UNIQUE,4012,Suhr,
SAME_NAME,191,Dübendorf,
UNIQUE,2766,Birsfelden,
UNIQUE,1341,Altendorf,
UNIQUE,6603,Avully,
UNIQUE,2831,Pratteln,
SAME_NAME,6153,Monthey,
SAME_NAME,2125,Bulle,
SAME_NAME,6458,Neuchâtel,
UNIQUE,2782,Brislach,
UNIQUE,62,Kloten,
SAME_NAME,5841,Château-d'Oex,
SAME_NAME,6421,La Chaux-de-Fonds,
SAME_NAME,6253,Crans-Montana,
PLACE_OF_ORIGIN_NAME,3851,Davos Dorf,
SAME_NAME,113,Dürnten,
SAME_NAME,5822,Payerne,
SAME_NAME,5938,Yverdon-les-Bains,
SAME_NAME,6022,Chamoson,
UNIQUE,1708,Steinhausen,
UNIQUE,248,Uitikon Waldegg,
UNIQUE,2407,Oensingen,
UNIQUE,5889,La Tour-de-Peilz,
UNIQUE,5635,Ecublens VD,
UNIQUE,1122,Altbüron,
SAME_NAME,1702,Cham,
UNIQUE,29,Flurlingen,
UNIQUE,152,Herrliberg,
UNIQUE,156,Meilen,
UNIQUE,135,Kilchberg ZH,
UNIQUE,4258,Rheinfelden,
SAME_NAME,231,Zell ZH,
UNIQUE,69,Wallisellen,
SAME_NAME,96,Regensdorf,
UNIQUE,8,Maschwanden,
UNIQUE,1323,Wollerau,
UNIQUE,9,Mettmenstetten,
UNIQUE,544,Moosseedorf,
UNIQUE,2546,Grenchen,
UNIQUE,2513,Biberist,
SAME_NAME,5843,Rougemont,
PLACE_OF_ORIGIN_NAME,1004,Flühli LU,
UNIQUE,5,Hedingen,
UNIQUE,2829,Liestal,
SAME_NAME,6266,Sion,
SAME_NAME,154,Küsnacht ZH,
SAME_NAME,307,Meikirch,
SAME_NAME,3871,Klosters,
UNIQUE,52,Bassersdorf,
SAME_NAME,293,Wädenswil,
UNIQUE,6300,Zermatt,
SAME_NAME,3001,Herisau,
UNIQUE,2775,Therwil,
SAME_NAME,1322,Freienbach,
UNIQUE,3374,Lichtensteig,
UNIQUE,4224,Beinwil (Freiamt),
UNIQUE,4045,Wettingen,
UNIQUE,5703,Bassins,
PLACE_OF_ORIGIN_NAME,5477,Cossonay-Ville,
UNIQUE,5495,Penthalaz,
UNIQUE,61,Hüntwangen,
PLACE_OF_ORIGIN_NAME,6252,Ayer,
PLACE_OF_ORIGIN_NAME,3276,Azmoos,
UNIQUE,4671,Kreuzlingen,
SAME_NAME,2321,Attalens,
UNIQUE,2160,Vuadens,
PLACE_OF_ORIGIN_NAME,5805,Oron-la-Ville,
SAME_NAME,6612,Chêne-Bougeries,
SAME_NAME,2196,Fribourg,
MANUAL,1331,Küssnacht am Rigi,"municipality from be-t-00.04-agv-01.csv: Küssnacht (SZ), possible locations: Küssnacht am Rigi, Merlischachen, Immensee"
UNIQUE,159,Uetikon am See,
UNIQUE,3236,St. Margrethen SG,
SAME_NAME,230,Winterthur,
UNIQUE,6632,Perly,
UNIQUE,5648,St-Sulpice VD,
UNIQUE,5721,Gland,
UNIQUE,5717,Founex,
UNIQUE,93,Oberweningen,
SAME_NAME,6620,Dardagny,
UNIQUE,361,Zollikofen,
UNIQUE,2198,Granges-Paccot,
PLACE_OF_ORIGIN_NAME,2117,Villaz-St-Pierre,
PLACE_OF_ORIGIN_ID,5888,St-Légier-La Chiésaz,
UNIQUE,5627,Chavannes-près-Renens,
UNIQUE,3271,Buchs SG,
UNIQUE,5588,Paudex,
PLACE_OF_ORIGIN_NAME,2054,Murist,
UNIQUE,1206,Erstfeld,
SAME_NAME,1701,Baar,
UNIQUE,4061,Arni AG,
UNIQUE,2250,Courgevaux,
UNIQUE,4240,Waltenschwil,
SAME_NAME,2,Affoltern am Albis,
UNIQUE,551,Urtenen-Schönbühl,
UNIQUE,243,Dietikon,
SAME_NAME,1052,Buchrain,
UNIQUE,4200,Hunzenschwil,
SAME_NAME,355,Köniz,
UNIQUE,4013,Unterentfelden,
UNIQUE,247,Schlieren,
UNIQUE,4076,Sarmenstorf,
UNIQUE,4032,Mägenwil,
UNIQUE,4107,Mülligen,
UNIQUE,4280,Oftringen,
UNIQUE,3233,Berneck,
UNIQUE,4140,Oberkulm,
UNIQUE,4023,Bergdietikon,
UNIQUE,352,Bolligen,
UNIQUE,4009,Muhen,
UNIQUE,3255,Rebstein,
UNIQUE,4003,Buchs AG,
UNIQUE,492,Erlach,
UNIQUE,755,Worben,
SAME_NAME,1711,Zug,
SAME_NAME,4461,Amriswil,
UNIQUE,2581,Olten,
UNIQUE,2493,Lostorf,
UNIQUE,5623,Buchillon,
UNIQUE,6638,Satigny,
UNIQUE,5077,Pollegio,
SAME_NAME,306,Lyss,
SAME_NAME,3561,Poschiavo,
SAME_NAME,13,Stallikon,
UNIQUE,2761,Aesch BL,
SAME_NAME,310,Rapperswil BE,
UNIQUE,5909,Cheseaux-Noréaz,
SAME_NAME,2275,Murten,
UNIQUE,5678,Moudon,
UNIQUE,4282,Rothrist,
UNIQUE,6215,Massongex,
SAME_NAME,5002,Bellinzona,
UNIQUE,5583,Crissier,
UNIQUE,5591,Renens VD,
UNIQUE,6265,Savièse,
UNIQUE,5589,Prilly,
UNIQUE,5401,Aigle,
UNIQUE,5861,Rolle,
SAME_NAME,3273,Grabs,
SAME_NAME,5884,Corsier-sur-Vevey,
UNIQUE,5584,Epalinges,
SAME_NAME,5675,Lucens,
SAME_NAME,1098,Ruswil,
UNIQUE,6636,Puplinge,
UNIQUE,5764,Vallorbe,
UNIQUE,6711,Delémont,
PLACE_OF_ORIGIN_NAME,2325,Châtel-St-Denis,
SAME_NAME,2097,Rue,
UNIQUE,5711,Commugny,
UNIQUE,4136,Holziken,
UNIQUE,194,Greifensee,
UNIQUE,5725,Prangins,
SAME_NAME,5590,Pully,
UNIQUE,6619,Corsier GE,
SAME_NAME,6136,Martigny,
UNIQUE,4946,Weinfelden,
UNIQUE,3722,Domat/Ems,
UNIQUE,5607,Puidoux,
UNIQUE,4271,Aarburg,
PLACE_OF_ORIGIN_NAME,1630,Näfels,
UNIQUE,4040,Spreitenbach,
UNIQUE,5601,Chexbres,
UNIQUE,4083,Zufikon,
SAME_NAME,4411,Egnach,
UNIQUE,2861,Sissach,
UNIQUE,4027,Fislisbach,
SAME_NAME,616,Münsingen,
UNIQUE,4034,Neuenhof,
UNIQUE,3339,Uznach,
SAME_NAME,199,Volketswil,
SAME_NAME,4401,Arbon,
SAME_NAME,6159,Vouvry,
UNIQUE,2208,Matran,
UNIQUE,742,Mörigen,
UNIQUE,5741,L'Abergement,
SAME_NAME,713,Tavannes,
SAME_NAME,1321,Feusisberg,
SAME_NAME,3955,Landquart,
UNIQUE,2473,Dornach,
PLACE_OF_ORIGIN_NAME,2464,Lüsslingen,
UNIQUE,5890,Vevey,
UNIQUE,2769,Münchenstein,
UNIQUE,2519,Gerlafingen,
SAME_NAME,4021,Baden,
UNIQUE,2830,Lupsingen,
UNIQUE,2846,Gelterkinden,
PLACE_OF_ORIGIN_NAME,2053,Dompierre FR,
SAME_NAME,2140,Marsens,
UNIQUE,594,Wilderswil,
PLACE_OF_ORIGIN_NAME,200,Brüttisellen,
SAME_NAME,3982,Disentis/Mustér,
UNIQUE,749,Studen BE,
SAME_NAME,5254,Mendrisio,
UNIQUE,5203,Morcote,
SAME_NAME,5402,Bex,
UNIQUE,5233,Vico Morcote,
SAME_NAME,4044,Untersiggenthal,
UNIQUE,5585,Jouxtens-Mézery,
UNIQUE,4254,Möhlin,
SAME_NAME,5048,Acquarossa,
SAME_NAME,3298,Walenstadt,
PLACE_OF_ORIGIN_NAME,3340,Jona,
UNIQUE,743,Nidau,
UNIQUE,2304,St. Ursen,
UNIQUE,5582,Cheseaux-sur-Lausanne,
SAME_NAME,6248,Sierre,
SAME_NAME,6135,Leytron,
UNIQUE,2937,Neuhausen am Rheinfall,
UNIQUE,6634,Chambésy,
UNIQUE,5852,Bursinel,
UNIQUE,1103,Sursee,
UNIQUE,136,Langnau am Albis,
UNIQUE,250,Urdorf,
UNIQUE,363,Ostermundigen,
UNIQUE,5757,Orbe,
UNIQUE,5497,Pompaples,
SAME_NAME,138,Richterswil,
MANUAL,6487,Cernier,"municipality from be-t-00.04-agv-01.csv: Val-de-Ruz, possible locations: Villiers, Cernier, Les Hauts-Geneveys, Les Geneveys-sur-Coffrane, Les Vieux-Prés, Vilars NE, Engollon, Savagnier, Saules, Montmollin, Chézard-St-Martin, Fontainemelon, Le Pâquier NE, Coffrane, Fontaines NE, Boudevilliers, La Vue-des-Alpes, Dombresson, Fenin"
UNIQUE,4065,Dottikon,
UNIQUE,5167,Canobbio,
UNIQUE,4207,Schafisheim,
UNIQUE,5148,Bedano,
UNIQUE,4201,Lenzburg,
UNIQUE,4205,Othmarsingen,
SAME_NAME,3342,Eschenbach SG,
SAME_NAME,1705,Neuheim,
PLACE_OF_ORIGIN_NAME,1631,Schwanden GL,
SAME_NAME,1707,Risch,
SAME_NAME,1703,Hünenberg,
PLACE_OF_ORIGIN_NAME,5396,Verscio,
UNIQUE,1063,Meggen,
UNIQUE,1344,Lachen SZ,
SAME_NAME,342,Thunstetten,
SAME_NAME,329,Langenthal,
MANUAL,4005,Erlinsbach,"municipality from be-t-00.04-agv-01.csv: Erlinsbach (AG), possible locations: Barmelweid, Erlinsbach"
PLACE_OF_ORIGIN_NAME,5238,Rivera,
PLACE_OF_ORIGIN_NAME,5001,Arbedo,
UNIQUE,2770,Muttenz,
UNIQUE,121,Wetzikon ZH,
UNIQUE,2580,Kappel SO,
SAME_NAME,120,Wald ZH,
SAME_NAME,446,Tramelan,
UNIQUE,2586,Wangen b. Olten,
UNIQUE,5091,Ascona,
UNIQUE,6246,St-Léonard,
UNIQUE,2787,Laufen,
SAME_NAME,3443,Gossau SG,
UNIQUE,995,Wiedlisbach,
UNIQUE,63,Lufingen,
UNIQUE,5587,Le Mont-sur-Lausanne,
UNIQUE,5763,Valeyres-sous-Rances,
SAME_NAME,538,Fraubrunnen,
UNIQUE,632,Wichtrach,
UNIQUE,5268,Vacallo,
UNIQUE,5193,Magliaso,
UNIQUE,3213,Goldach,
UNIQUE,5642,Morges,
SAME_NAME,4746,Münchwilen TG,
UNIQUE,5414,Villeneuve VD,
SAME_NAME,5520,Essertines-sur-Yverdon,
UNIQUE,5017,S. Antonino,
SAME_NAME,5003,Cadenazzo,
SAME_NAME,5250,Chiasso,
SAME_NAME,115,Gossau ZH,
UNIQUE,5728,Signy,
UNIQUE,4139,Menziken,
UNIQUE,85,Dänikon ZH,
SAME_NAME,6263,Grimisuat,
UNIQUE,5718,Genolier,
PLACE_OF_ORIGIN_NAME,5050,Malvaglia,
UNIQUE,4035,Niederrohrdorf,
SAME_NAME,4169,Kaisten,
UNIQUE,5281,Biasca,
UNIQUE,5231,Vezia,
UNIQUE,137,Oberrieden,
UNIQUE,5216,Pura,
UNIQUE,213,Brütten,
UNIQUE,3238,Widnau,
UNIQUE,2543,Bettlach,
PLACE_OF_ORIGIN_NAME,2535,Heinrichswil,
UNIQUE,249,Unterengstringen,
SAME_NAME,1632,Glarus,
UNIQUE,3036,Wald AR,
SAME_NAME,5141,Agno,
UNIQUE,4252,Kaiseraugst,
UNIQUE,5562,Mauborget,
SAME_NAME,1140,Reiden,
UNIQUE,3034,Rehetobel,
PLACE_OF_ORIGIN_NAME,5269,Morbio Superiore,
UNIQUE,5651,Villars-Ste-Croix,
UNIQUE,6295,Täsch,
SAME_NAME,1059,Kriens,
UNIQUE,4062,Berikon,
UNIQUE,251,Weiningen ZH,
UNIQUE,3947,Zizers,
PLACE_OF_ORIGIN_NAME,6152,Collombey,
SAME_NAME,33,Kleinandelfingen,
PLACE_OF_ORIGIN_NAME,5049,Olivone,
PLACE_OF_ORIGIN_NAME,3442,Abtwil SG,
UNIQUE,4144,Schöftland,
PLACE_OF_ORIGIN_NAME,5397,Intragna,
UNIQUE,5064,Bodio TI,
SAME_NAME,5115,Losone,
UNIQUE,4131,Beinwil am See,
UNIQUE,5171,Caslano,
PLACE_OF_ORIGIN_ID,6249,Venthône,
UNIQUE,5257,Morbio Inferiore,
UNIQUE,82,Boppelsen,
SAME_NAME,298,Wiesendangen,
SAME_NAME,3402,Flawil,
PLACE_OF_ORIGIN_NAME,6002,Brig,
UNIQUE,6173,Bitsch,
UNIQUE,4198,Hendschiken,
MANUAL,6417,Bevaix,"municipality from be-t-00.04-agv-01.csv: La Grande Béroche, possible locations: Bevaix, St-Aubin-Sauges, Vaumarcus, Gorgier, Montalchez, Fresens, Chez-le-Bart"
SAME_NAME,6404,Boudry,
UNIQUE,84,Dällikon,
UNIQUE,97,Rümlang,
UNIQUE,739,Ipsach,
SAME_NAME,4761,Sirnach,
UNIQUE,131,Adliswil,
UNIQUE,5732,Vich,
UNIQUE,4696,Tägerwilen,
UNIQUE,6622,Genthod,
UNIQUE,5407,Leysin,
UNIQUE,3234,Diepoldsau,
UNIQUE,4163,Frick,
UNIQUE,4146,Unterkulm,
UNIQUE,4283,Safenwil,
SAME_NAME,3911,Churwalden,
SAME_NAME,3292,Flums,
PLACE_OF_ORIGIN_NAME,6512,Travers,
UNIQUE,39,Thalheim an der Thur,
UNIQUE,1040,Rothenburg,
UNIQUE,4285,Strengelbach,
UNIQUE,3275,Sevelen,
SAME_NAME,1346,Schübelbach,
UNIQUE,1146,Wauwil,
PLACE_OF_ORIGIN_NAME,3251,Altstätten SG,
UNIQUE,4196,Fahrwangen,
UNIQUE,2824,Frenkendorf,
PLACE_OF_ORIGIN_NAME,406,Hasle b. Burgdorf,
UNIQUE,3256,Rüthi (Rheintal),
SAME_NAME,405,Ersigen,
PLACE_OF_ORIGIN_NAME,296,Effretikon,
SAME_NAME,1136,Menznau,
UNIQUE,392,Pieterlen,
UNIQUE,92,Oberglatt ZH,
UNIQUE,1033,Inwil,
SAME_NAME,1031,Hochdorf,
UNIQUE,4037,Oberrohrdorf,
UNIQUE,2860,Rünenberg,
SAME_NAME,4551,Aadorf,
UNIQUE,883,Seftigen,
UNIQUE,387,Lengnau BE,
UNIQUE,5242,Balerna,
UNIQUE,4141,Reinach AG,
UNIQUE,4275,Kirchleerau,
SAME_NAME,117,Hinwil,
UNIQUE,6141,Saxon,
UNIQUE,4436,Romanshorn,
SAME_NAME,195,Maur,
PLACE_OF_ORIGIN_NAME,420,Alchenflüh,
SAME_NAME,294,Elgg,
UNIQUE,1085,Geuensee,
UNIQUE,83,Buchs ZH,
UNIQUE,3313,Kaltbrunn,
UNIQUE,53,Bülach,
UNIQUE,1062,Malters,
UNIQUE,224,Pfungen,
SAME_NAME,1093,Neuenkirch,
UNIQUE,1053,Dierikon,
SAME_NAME,4121,Villigen,
UNIQUE,404,Burgdorf,
UNIQUE,2891,Niederdorf,
SAME_NAME,4048,Würenlos,
SAME_NAME,193,Fällanden,
UNIQUE,6775,Bonfol,
SAME_NAME,627,Worb,
UNIQUE,86,Dielsdorf,
PLACE_OF_ORIGIN_NAME,4501,Kradolf,
UNIQUE,4591,Matzingen,
UNIQUE,2856,Ormalingen,
SAME_NAME,2932,Beringen,
SAME_NAME,4911,Bürglen TG,
SAME_NAME,304,Kallnach,
SAME_NAME,3379,Wattwil,
SAME_NAME,223,Neftenbach,
UNIQUE,51,Bachenbülach,
UNIQUE,157,Oetwil am See,
UNIQUE,2964,Stein am Rhein,
PLACE_OF_ORIGIN_NAME,2122,Gumefens,
SAME_NAME,90,Niederhasli,
SAME_NAME,3293,Mels,
SAME_NAME,1301,Einsiedeln,
UNIQUE,1055,Gisikon,
SAME_NAME,3408,Uzwil,
UNIQUE,2124,Broc,
SAME_NAME,3392,Kirchberg SG,
SAME_NAME,1125,Dagmersellen,
SAME_NAME,794,Zweisimmen,
UNIQUE,10,Obfelden,
UNIQUE,118,Rüti ZH,
UNIQUE,2148,Riaz,
SAME_NAME,4781,Wängi,
SAME_NAME,3231,Au SG,
UNIQUE,4165,Gipf-Oberfrick,
SAME_NAME,4506,Sulgen,
SAME_NAME,1402,Engelberg,
UNIQUE,2500,Trimbach,
UNIQUE,2869,Zunzgen,
SAME_NAME,4202,Meisterschwanden,
UNIQUE,5816,Corcelles-près-Payerne,
UNIQUE,4194,Dintikon,
UNIQUE,5516,Cugy VD,
SAME_NAME,1215,Seelisberg,
UNIQUE,4010,Oberentfelden,
SAME_NAME,178,Russikon,
UNIQUE,2584,Starrkirch-Wil,
UNIQUE,5413,Roche VD,
UNIQUE,1088,Hildisrieden,
UNIQUE,2895,Waldenburg,
UNIQUE,4751,Rickenbach b. Wil,
PLACE_OF_ORIGIN_NAME,4666,Siegershausen,
SAME_NAME,4683,Lengwil,
UNIQUE,54,Dietlikon,
UNIQUE,2582,Rickenbach SO,
UNIQUE,3022,Gais,
UNIQUE,89,Niederglatt ZH,
UNIQUE,2130,Crésuz,
PLACE_OF_ORIGIN_NAME,177,Pfäffikon ZH,
UNIQUE,2576,Gretzenbach,
UNIQUE,5701,Arnex-sur-Nyon,
UNIQUE,2096,Romont FR,
SAME_NAME,101,Steinmaur,
UNIQUE,1129,Fischbach LU,
UNIQUE,172,Fehraltorf,
UNIQUE,2904,Neunkirch,
UNIQUE,5458,Faoug,
UNIQUE,4182,Wölflinswil,
SAME_NAME,3237,Thal,
UNIQUE,337,Roggwil BE,
UNIQUE,5746,Bavois,
UNIQUE,4204,Niederlenz,
SAME_NAME,6056,Ernen,
UNIQUE,242,Birmensdorf ZH,
UNIQUE,3216,Rorschacherberg,
SAME_NAME,6156,Troistorrents,
UNIQUE,1201,Altdorf UR,
UNIQUE,1205,Bürglen UR,
UNIQUE,5929,Suchy,
UNIQUE,2583,Schönenwerd,
SAME_NAME,5151,Bioggio,
SAME_NAME,3762,Scuol,
UNIQUE,11,Ottenbach,
UNIQUE,435,La Ferrière,
SAME_NAME,5266,Stabio,
UNIQUE,6604,Athenaz (Avusy),
SAME_NAME,1081,Beromünster,
UNIQUE,4033,Mellingen,
UNIQUE,870,Kehrsatz,
PLACE_OF_ORIGIN_NAME,292,Oberstammheim,
UNIQUE,2295,Bösingen,
SAME_NAME,981,Niederbipp,
PLACE_OF_ORIGIN_NAME,2337,Porsel,
UNIQUE,2773,Reinach BL,
SAME_NAME,4289,Zofingen,
UNIQUE,5189,Lamone,
PLACE_OF_ORIGIN_NAME,4203,Wildegg,
SAME_NAME,1030,Hitzkirch,
SAME_NAME,533,Bätterkinden,
UNIQUE,6454,Hauterive NE,
UNIQUE,6459,St-Blaise,
UNIQUE,4161,Eiken,
SAME_NAME,4170,Laufenburg,
UNIQUE,5883,Corseaux,
PLACE_OF_ORIGIN_NAME,4038,Nussbaumen AG,
UNIQUE,2573,Dulliken,
UNIQUE,6615,Collex,
UNIQUE,6800,Porrentruy,
SAME_NAME,1311,Gersau,
SAME_NAME,3101,Appenzell,
UNIQUE,385,Diessbach b. Büren,
UNIQUE,4304,Döttingen,
SAME_NAME,6436,Le Locle,
UNIQUE,5482,Eclépens,
UNIQUE,5581,Belmont-sur-Lausanne,
PLACE_OF_ORIGIN_NAME,3543,Savognin,
SAME_NAME,954,Huttwil,
UNIQUE,5638,Lonay,
UNIQUE,3805,Castaneda,
UNIQUE,703,Reconvilier,
UNIQUE,139,Rüschlikon,
UNIQUE,6219,Vernayaz,
UNIQUE,6408,Cortaillod,
UNIQUE,5650,Vaux-sur-Morges,
SAME_NAME,4305,Endingen,
UNIQUE,5555,Corcelles-près-Concise,
UNIQUE,87,Hüttikon,
PLACE_OF_ORIGIN_NAME,2236,Rossens FR,
UNIQUE,1507,Hergiswil NW,
UNIQUE,2886,Hölstein,
UNIQUE,4030,Killwangen,
UNIQUE,4231,Dietwil,
UNIQUE,4309,Klingnau,
UNIQUE,5221,Savosa,
SAME_NAME,938,Sigriswil,
PLACE_OF_ORIGIN_NAME,6729,Bassecourt,
UNIQUE,4024,Birmenstorf AG,
PLACE_OF_ORIGIN_NAME,6461,Marin-Epagnier,
UNIQUE,6111,Leukerbad,
UNIQUE,4026,Ennetbaden,
SAME_NAME,2099,Siviriez,
UNIQUE,6213,Evionnaz,
UNIQUE,2703,Riehen,
UNIQUE,5425,Bière,
SAME_NAME,5749,Chavornay,
PLACE_OF_ORIGIN_NAME,4125,Schinznach Dorf,
SAME_NAME,3105,Schwende,
UNIQUE,4081,Widen,
UNIQUE,4006,Gränichen,
UNIQUE,4099,Habsburg,
PLACE_OF_ORIGIN_NAME,5131,Tenero,
PLACE_OF_ORIGIN_NAME,5227,Torricella,
UNIQUE,4120,Veltheim AG,
UNIQUE,5622,Bremblens,
UNIQUE,5214,Porza,
UNIQUE,1082,Büron,
UNIQUE,5592,Romanel-sur-Lausanne,
SAME_NAME,5451,Avenches,
PLACE_OF_ORIGIN_NAME,6154,Bouveret,
UNIQUE,724,Nods,
PLACE_OF_ORIGIN_NAME,6024,Basse-Nendaz,
UNIQUE,6140,Saillon,
SAME_NAME,6034,Orsières,
PLACE_OF_ORIGIN_ID,6036,Vollèges,
UNIQUE,6133,Fully,
UNIQUE,441,Renan BE,
UNIQUE,5434,St-George,
MANUAL,6416,Colombier NE,"municipality from be-t-00.04-agv-01.csv: Milvignes, possible locations: Auvernier, Colombier NE, Bôle"
UNIQUE,6021,Ardon,
SAME_NAME,5511,Assens,
UNIQUE,6235,Chippis,
SAME_NAME,6131,Bovernier,
PLACE_OF_ORIGIN_ID,6132,Charrat,
PLACE_OF_ORIGIN_NAME,6137,Martigny-Croix,
SAME_NAME,6023,Conthey,
SAME_NAME,6240,Lens,
UNIQUE,6261,Arbaz,
SAME_NAME,6218,Salvan,
SAME_NAME,6083,Evolène,
PLACE_OF_ORIGIN_NAME,5872,Le Sentier,
UNIQUE,5716,Eysins,
SAME_NAME,6139,Riddes,
PLACE_OF_ORIGIN_ID,6250,Veyras,
UNIQUE,2211,Neyruz FR,
UNIQUE,5518,Echallens,
SAME_NAME,6702,Boécourt,
PLACE_OF_ORIGIN_ID,5202,Monteggio,
PLACE_OF_ORIGIN_NAME,5226,Tesserete,
PLACE_OF_ORIGIN_NAME,5323,Peccia,
PLACE_OF_ORIGIN_NAME,5287,Lodrino,
UNIQUE,3038,Wolfhalden,
UNIQUE,71,Wil ZH,
SAME_NAME,3407,Oberuzwil,
UNIQUE,5197,Melano,
UNIQUE,5743,Arnex-sur-Orbe,
UNIQUE,4236,Muri AG,
UNIQUE,241,Aesch ZH,
UNIQUE,5428,Gimel,
SAME_NAME,3790,Silvaplana,
SAME_NAME,5317,Maggia,
UNIQUE,220,Hagenbuch ZH,
SAME_NAME,5249,Castel San Pietro,
UNIQUE,5891,Veytaux,
UNIQUE,4318,Schneisingen,
PLACE_OF_ORIGIN_ID,6412,Peseux,
UNIQUE,5649,Tolochenaz,
UNIQUE,1342,Galgenen,
SAME_NAME,5611,Savigny,
UNIQUE,6609,Cartigny,
UNIQUE,5523,Froideville,
UNIQUE,2762,Allschwil,
UNIQUE,4075,Rudolfstetten,
UNIQUE,2406,Oberbuchsiten,
UNIQUE,5566,Provence,
UNIQUE,5496,Penthaz,
SAME_NAME,3254,Oberriet SG,
UNIQUE,5919,Mathod,
UNIQUE,2823,Bubendorf,
PLACE_OF_ORIGIN_NAME,192,Egg b. Zürich,
UNIQUE,587,Matten b. Interlaken,
MANUAL,4323,Bad Zurzach,reportingmunicipalityId not found in be-t-00.04-agv-01.csv and not unique in eCH-0135_Code_Heimatorte.csv. Current name (since 2006-12-01) is „Bad Zurzach“
UNIQUE,12,Rifferswil,
SAME_NAME,4545,Diessenhofen,
SAME_NAME,1069,Weggis,
UNIQUE,6601,Aire-la-Ville,
PLACE_OF_ORIGIN_NAME,2477,Metzerlen,
UNIQUE,1094,Nottwil,
SAME_NAME,4239,Sins,
UNIQUE,4084,Islisberg,
UNIQUE,1086,Grosswangen,
PLACE_OF_ORIGIN_NAME,5727,St-Cergue,
UNIQUE,2479,Rodersdorf,
UNIQUE,1051,Adligenswil,
SAME_NAME,2220,Le Mouret,
UNIQUE,6238,Grône,
UNIQUE,6626,Jussy,
SAME_NAME,5873,Le Lieu,
UNIQUE,5821,Missy,
SAME_NAME,761,Därstetten,
UNIQUE,766,Oberwil im Simmental,
UNIQUE,931,Homberg b. Thun,
UNIQUE,791,Boltigen,
UNIQUE,5859,Mont-sur-Rolle,
SAME_NAME,939,Steffisburg,
SAME_NAME,4004,Densbüren,
UNIQUE,572,Bönigen b. Interlaken,
UNIQUE,593,Unterseen,
UNIQUE,602,Arni BE,
PLACE_OF_ORIGIN_NAME,360,Wohlen b. Bern,
SAME_NAME,1511,Wolfenschiessen,
SAME_NAME,901,Eggiwil,
UNIQUE,769,Wimmis,
SAME_NAME,2499,Stüsslingen,
UNIQUE,928,Heimberg,
UNIQUE,2405,Niederbuchsiten,
SAME_NAME,112,Bubikon,
UNIQUE,4274,Brittnau,
SAME_NAME,2299,Plaffeien,
UNIQUE,3781,Bever,
UNIQUE,311,Schüpfen,
UNIQUE,72,Winkel,
SAME_NAME,111,Bäretswil,
PLACE_OF_ORIGIN_NAME,359,Boll,
SAME_NAME,768,Spiez,
UNIQUE,4208,Seengen,
UNIQUE,3786,Samedan,
SAME_NAME,1366,Morschach,
SAME_NAME,1372,Schwyz,
UNIQUE,733,Brügg BE,
UNIQUE,552,Utzenstorf,
UNIQUE,623,Rubigen,
UNIQUE,581,Interlaken,
UNIQUE,2763,Arlesheim,
UNIQUE,944,Uetendorf,
UNIQUE,575,Därligen,
SAME_NAME,590,Ringgenberg BE,
UNIQUE,2408,Wolfwil,
SAME_NAME,576,Grindelwald,
UNIQUE,884,Toffen,
SAME_NAME,793,St. Stephan,
UNIQUE,3733,Tamins,
SAME_NAME,563,Frutigen,
SAME_NAME,573,Brienz BE,
SAME_NAME,584,Lauterbrunnen,
UNIQUE,792,Lenk im Simmental,
UNIQUE,2471,Bättwil,
UNIQUE,574,Brienzwiler,
UNIQUE,383,Büren an der Aare,
PLACE_OF_ORIGIN_NAME,5571,Villars-Burquin,
PLACE_OF_ORIGIN_NAME,2465,Mühledorf SO,
PLACE_OF_ORIGIN_ID,2291,Alterswil FR,
UNIQUE,934,Oberhofen am Thunersee,
UNIQUE,2495,Niedergösgen,
UNIQUE,557,Zuzwil BE,
SAME_NAME,35,Marthalen,
UNIQUE,603,Biglen,
SAME_NAME,763,Erlenbach im Simmental,
SAME_NAME,1097,Rickenbach LU,
PLACE_OF_ORIGIN_NAME,1010,Escholzmatt,
UNIQUE,4864,Steckborn,
UNIQUE,4042,Turgi,
UNIQUE,181,Wila,
UNIQUE,566,Krattigen,
UNIQUE,160,Zumikon,
SAME_NAME,4104,Lupfig,
UNIQUE,592,Schwanden b. Brienz,
SAME_NAME,902,Langnau im Emmental,
UNIQUE,3296,Sargans,
UNIQUE,1008,Schüpfheim,
UNIQUE,321,Aarwangen,
SAME_NAME,228,Turbenthal,
UNIQUE,767,Reutigen,
SAME_NAME,945,Unterlangenegg,
UNIQUE,605,Bowil,
UNIQUE,5010,Lumino,
UNIQUE,577,Gsteigwiler,
SAME_NAME,762,Diemtigen,
UNIQUE,622,Oppligen,
PLACE_OF_ORIGIN_NAME,443,St-Imier,
PLACE_OF_ORIGIN_NAME,2309,Wünnewil,
SAME_NAME,4871,Wagenhausen,
UNIQUE,5729,Tannay,
UNIQUE,5744,Ballaigues,
SAME_NAME,4571,Gachnang,
SAME_NAME,3274,Sennwald,
SAME_NAME,2765,Binningen,
UNIQUE,4251,Hellikon,
UNIQUE,3953,Maienfeld,
SAME_NAME,5799,Servion,
UNIQUE,670,Neuenegg,
UNIQUE,4191,Ammerswil AG,
UNIQUE,2828,Lausen,
SAME_NAME,2175,Belfaux,
PLACE_OF_ORIGIN_NAME,4724,Eschlikon TG,
SAME_NAME,6232,Chalais,
UNIQUE,2768,Ettingen,
UNIQUE,983,Oberbipp,
UNIQUE,2228,Villars-sur-Glâne,
UNIQUE,3441,Andwil SG,
SAME_NAME,58,Glattfelden,
SAME_NAME,540,Jegenstorf,
UNIQUE,14,Wettswil,
UNIQUE,3037,Walzenhausen,
UNIQUE,5712,Coppet,
SAME_NAME,4313,Leuggern,
SAME_NAME,1065,Root,
SAME_NAME,2306,Tafers,
UNIQUE,227,Seuzach,
UNIQUE,155,Männedorf,
UNIQUE,31,Henggart,
SAME_NAME,1510,Stansstad,
UNIQUE,2774,Schönenbuch,
SAME_NAME,244,Geroldswil,
UNIQUE,2422,Balsthal,
UNIQUE,60,Höri,
PLACE_OF_ORIGIN_ID,4308,Kaiserstuhl AG,
UNIQUE,885,Uttigen,
UNIQUE,3291,Bad Ragaz,
SAME_NAME,879,Riggisberg,
MANUAL,2041,St-Aubin FR,"municipality from be-t-00.04-agv-01.csv: Saint-Aubin (FR), possible locations: St-Aubin FR, Les Friques"
UNIQUE,5708,Chavannes-des-Bois,
UNIQUE,173,Hittnau,
SAME_NAME,2135,Gruyères,
SAME_NAME,3315,Schänis,
UNIQUE,3312,Benken SG,
UNIQUE,2858,Rothenfluh,
PLACE_OF_ORIGIN_NAME,3575,Laax GR,
SAME_NAME,4029,Gebenstorf,
SAME_NAME,861,Belp,
UNIQUE,5939,Yvonand,
UNIQUE,67,Rafz,
UNIQUE,1025,Ermensee,
PLACE_OF_ORIGIN_NAME,2272,Misery,
SAME_NAME,6010,Termen,
UNIQUE,5858,Luins,
SAME_NAME,4072,Niederwil AG,
UNIQUE,1502,Buochs,
UNIQUE,5643,Préverenges,
UNIQUE,64,Nürensdorf,
UNIQUE,2771,Oberwil BL,
UNIQUE,5118,Minusio,
PLACE_OF_ORIGIN_NAME,3714,Splügen,
UNIQUE,2825,Füllinsdorf,
UNIQUE,2526,Lohn-Ammannsegg,
UNIQUE,5646,St-Prex,
UNIQUE,2497,Obergösgen,
UNIQUE,5210,Paradiso,
UNIQUE,5926,Pomy,
UNIQUE,2200,Grolley,
UNIQUE,5554,Concise,
UNIQUE,38,Rheinau,
PLACE_OF_ORIGIN_NAME,6110,Leuk Stadt,
UNIQUE,4071,Jonen,
PLACE_OF_ORIGIN_NAME,2237,Prez-vers-Noréaz,
UNIQUE,5640,Lussy-sur-Morges,
UNIQUE,2893,Reigoldswil,
SAME_NAME,3891,Luzein,
UNIQUE,6724,Soyhières,
UNIQUE,5512,Bercher,
SAME_NAME,5422,Aubonne,
UNIQUE,5856,Essertines-sur-Rolle,
PLACE_OF_ORIGIN_NAME,4095,Brugg AG,
UNIQUE,495,Gampelen,
UNIQUE,1127,Egolzwil,
PLACE_OF_ORIGIN_NAME,3619,Ilanz,
UNIQUE,4786,Wilen b. Wil,
SAME_NAME,1009,Werthenstein,
UNIQUE,992,Wangen an der Aare,
PLACE_OF_ORIGIN_ID,6485,Valangin,
PLACE_OF_ORIGIN_ID,6407,Cormondrèche,
UNIQUE,5484,Gollion,
UNIQUE,30,Andelfingen,
SAME_NAME,3360,Nesslau,
SAME_NAME,3424,Oberbüren,
UNIQUE,4073,Oberlunkhofen,
UNIQUE,3352,Ebnat-Kappel,
MANUAL,3359,Alt St. Johann,"municipality from be-t-00.04-agv-01.csv: Wildhaus-Alt St. Johann, possible locations: Alt St. Johann, Unterwasser, Wildhaus"
UNIQUE,3214,Mörschwil,
SAME_NAME,3024,Teufen AR,
SAME_NAME,3372,Hemberg,
PLACE_OF_ORIGIN_NAME,3378,Mogelsberg,
SAME_NAME,3023,Speicher,
SAME_NAME,3423,Niederhelfenschwil,
SAME_NAME,3746,Zernez,
PLACE_OF_ORIGIN_NAME,57,Freienstein,
SAME_NAME,153,Hombrechtikon,
UNIQUE,4421,Horn,
UNIQUE,3032,Heiden,
SAME_NAME,4691,Münsterlingen,
SAME_NAME,414,Krauchthal,
UNIQUE,4831,Müllheim Dorf,
UNIQUE,2826,Giebenach,
UNIQUE,4416,Hefenhofen,
UNIQUE,91,Niederweningen,
PLACE_OF_ORIGIN_NAME,34,Uhwiesen,
UNIQUE,2523,Horriwil,
UNIQUE,4606,Stettfurt,
UNIQUE,4253,Magden,
UNIQUE,3007,Waldstatt,
SAME_NAME,4281,Reitnau,
UNIQUE,55,Eglisau,
MANUAL,3395,Bütschwil,"municipality from be-t-00.04-agv-01.csv: Bütschwil-Ganterschwil, possible locations: Dietfurt, Ganterschwil, Bütschwil"
UNIQUE,301,Aarberg,
SAME_NAME,2920,Thayngen,
UNIQUE,116,Grüningen,
SAME_NAME,1091,Mauensee,
UNIQUE,305,Kappelen,
SAME_NAME,2457,Messen,
UNIQUE,1102,Sempach,
SAME_NAME,4741,Lommis,
SAME_NAME,929,Hilterfingen,
UNIQUE,3784,Pontresina,
SAME_NAME,3426,Zuzwil SG,
UNIQUE,4173,Oberhof,
UNIQUE,5688,Syens,
UNIQUE,3202,Muolen,
SAME_NAME,27,Feuerthalen,
PLACE_OF_ORIGIN_NAME,4776,Tobel,
SAME_NAME,225,Rickenbach ZH,
UNIQUE,1068,Vitznau,
SAME_NAME,4431,Roggwil TG,
UNIQUE,494,Gals,
UNIQUE,741,Merzligen,
SAME_NAME,3401,Degersheim,
PLACE_OF_ORIGIN_NAME,5398,Magadino,
UNIQUE,5198,Melide,
UNIQUE,4451,Uttwil,
SAME_NAME,3405,Jonschwil,
SAME_NAME,2254,Courtepin,
UNIQUE,6641,Troinex,
UNIQUE,6627,Laconnex,
UNIQUE,745,Port,
SAME_NAME,6297,Visp,
SAME_NAME,4711,Affeltrangen,
UNIQUE,6290,Saas-Fee,
PLACE_OF_ORIGIN_NAME,1401,Alpnach Dorf,
UNIQUE,4179,Ueken,
UNIQUE,2622,Zullwil,
UNIQUE,5604,Forel (Lavaux),
UNIQUE,2822,Augst BL,
SAME_NAME,1151,Willisau,
SAME_NAME,1107,Wolhusen,
UNIQUE,497,Lüscherz,
UNIQUE,1370,Rothenthurm,
UNIQUE,4145,Teufenthal AG,
SAME_NAME,1709,Unterägeri,
PLACE_OF_ORIGIN_ID,4315,Rekingen AG,
UNIQUE,1023,Ballwil,
UNIQUE,3235,Rheineck,
SAME_NAME,1104,Triengen,
UNIQUE,723,La Neuveville,
SAME_NAME,445,Sonvilier,
UNIQUE,6712,Develier,
UNIQUE,4561,Felben-Wellhausen,
SAME_NAME,668,Mühleberg,
UNIQUE,4206,Rupperswil,
UNIQUE,4199,Holderbank AG,
UNIQUE,338,Rohrbach,
UNIQUE,2518,Etziken,
UNIQUE,1504,Emmetten,
UNIQUE,197,Schwerzenbach,
UNIQUE,2532,Subingen,
UNIQUE,2572,Däniken SO,
SAME_NAME,2579,Hägendorf,
UNIQUE,2702,Bettingen,
SAME_NAME,297,Bauma,
UNIQUE,2971,Hallau,
UNIQUE,5408,Noville,
UNIQUE,418,Oberburg,
UNIQUE,3204,Wittenbach,
UNIQUE,4276,Kölliken,
UNIQUE,744,Orpund,
UNIQUE,5180,Cureglia,
UNIQUE,5860,Perroy,
UNIQUE,738,Jens,
UNIQUE,5723,Mies,
UNIQUE,2402,Härkingen,
UNIQUE,358,Stettlen,
SAME_NAME,354,Kirchlindach,
UNIQUE,2197,Givisiez,
SAME_NAME,4841,Pfyn,
PLACE_OF_ORIGIN_NAME,2163,Cerniat FR,
UNIQUE,6710,Courtételle,
SAME_NAME,4303,Böttstein,
UNIQUE,2849,Itingen,
SAME_NAME,1407,Sarnen,
SAME_NAME,4901,Birwinken,
SAME_NAME,114,Fischenthal,
SAME_NAME,2338,La Verrerie,
UNIQUE,2832,Ramlinsburg,
UNIQUE,2764,Biel-Benken BL,
SAME_NAME,3506,Vaz/Obervaz,
SAME_NAME,1404,Kerns,
UNIQUE,5730,Trélex,
UNIQUE,4047,Würenlingen,
UNIQUE,4228,Boswil,
UNIQUE,1509,Stans,
UNIQUE,388,Leuzigen,
SAME_NAME,608,Grosshöchstetten,
SAME_NAME,4476,Erlen,
PLACE_OF_ORIGIN_ID,4167,Hornussen,
UNIQUE,3731,Felsberg,
UNIQUE,4255,Mumpf,
SAME_NAME,1503,Dallenwil,
SAME_NAME,751,Täuffelen,
UNIQUE,3217,Steinach,
UNIQUE,4287,Vordemwald,
UNIQUE,496,Ins,
UNIQUE,448,Villeret,
UNIQUE,2963,Ramsen,
UNIQUE,2892,Oberdorf BL,
PLACE_OF_ORIGIN_NAME,716,Sornetan,
UNIQUE,4441,Salmsach,
SAME_NAME,3393,Lütisburg,
UNIQUE,2792,Wahlen b. Laufen,
UNIQUE,6212,Dorénaz,
UNIQUE,5655,Yens,
UNIQUE,4133,Burg AG,
SAME_NAME,2113,Vuisternens-devant-Romont,
UNIQUE,5790,Maracon,
SAME_NAME,6784,Courgenay,
SAME_NAME,3962,Schiers,
UNIQUE,6057,Fiesch,
UNIQUE,1506,Ennetmoos,
PLACE_OF_ORIGIN_NAME,5831,Granges-près-Marnand,
UNIQUE,4209,Seon,
UNIQUE,5501,Sullens,
UNIQUE,2613,Breitenbach,
UNIQUE,2844,Buus,
SAME_NAME,1362,Arth,
SAME_NAME,1706,Oberägeri,
UNIQUE,2852,Läufelfingen,
UNIQUE,3272,Gams,
UNIQUE,4007,Hirschthal,
SAME_NAME,6084,Hérémence,
PLACE_OF_ORIGIN_NAME,6082,St-Romain (Ayent),
UNIQUE,4260,Stein AG,
UNIQUE,2305,Schmitten FR,
SAME_NAME,6199,Raron,
UNIQUE,5498,La Sarraz,
SAME_NAME,1505,Ennetbürgen,
UNIQUE,1501,Beckenried,
UNIQUE,412,Kirchberg BE,
UNIQUE,196,Mönchaltorf,
UNIQUE,4643,Bottighofen,
PLACE_OF_ORIGIN_NAME,2428,Mümliswil,
UNIQUE,1345,Reichenburg,
UNIQUE,2555,Rüttenen,
PLACE_OF_ORIGIN_ID,5881,Blonay,
UNIQUE,1041,Schongau,
UNIQUE,4312,Lengnau AG,
UNIQUE,2401,Egerkingen,
PLACE_OF_ORIGIN_NAME,450,Péry,
SAME_NAME,1406,Sachseln,
SAME_NAME,3341,Gommiswald,
UNIQUE,1374,Steinerberg,
UNIQUE,5485,Grancy,
UNIQUE,3,Bonstetten,
UNIQUE,119,Aathal-Seegräben,
UNIQUE,1710,Walchwil,
UNIQUE,1067,Udligenswil,
UNIQUE,1095,Oberkirch LU,
UNIQUE,246,Oetwil an der Limmat,
UNIQUE,1217,Sisikon,
PLACE_OF_ORIGIN_NAME,1066,Schwarzenberg LU,
UNIQUE,1349,Wangen SZ,
UNIQUE,1373,Steinen,
UNIQUE,221,Hettlingen,
SAME_NAME,4816,Homburg,
SAME_NAME,3701,Andeer,
UNIQUE,3338,Schmerikon,
SAME_NAME,4851,Salenstein,
PLACE_OF_ORIGIN_NAME,3542,Alvaneu Dorf,
UNIQUE,4066,Eggenwil,
UNIQUE,4307,Full-Reuenthal,
PLACE_OF_ORIGIN_NAME,3732,Flims Dorf,
UNIQUE,4132,Birrwil,
UNIQUE,1207,Flüelen,
PLACE_OF_ORIGIN_ID,881,Rümligen,
UNIQUE,4546,Schlatt TG,
UNIQUE,339,Rohrbachgraben,
UNIQUE,5117,Mergoscia,
SAME_NAME,855,Schwarzenburg,
UNIQUE,582,Iseltwald,
UNIQUE,2503,Erlinsbach SO,
UNIQUE,580,Hofstetten b. Brienz,
UNIQUE,589,Oberried am Brienzersee,
UNIQUE,501,Tschugg,
UNIQUE,2890,Liedertswil,
UNIQUE,754,Walperswil,
UNIQUE,922,Blumenstein,
UNIQUE,4193,Brunegg,
SAME_NAME,578,Gündlischwand,
PLACE_OF_ORIGIN_NAME,889,Mühlethurnen,
PLACE_OF_ORIGIN_NAME,562,Aeschi b. Spiez,
SAME_NAME,785,Meiringen,
UNIQUE,2882,Bennwil,
SAME_NAME,4,Hausen am Albis,
UNIQUE,909,Trubschachen,
UNIQUE,2530,Recherswil,
UNIQUE,2883,Bretzwil,
SAME_NAME,784,Innertkirchen,
UNIQUE,2614,Büsserach,
UNIQUE,611,Kiesen,
PLACE_OF_ORIGIN_NAME,5540,Poliez-le-Grand,
UNIQUE,588,Niederried b. Interlaken,
UNIQUE,5621,Aclens,
UNIQUE,4079,Unterlunkhofen,
MANUAL,3297,Vilters,"municipality from be-t-00.04-agv-01.csv: Vilters-Wangs, possible locations: Vilters, Wangs"
SAME_NAME,786,Schattenhalb,
MANUAL,5806,Mézières VD,"municipality from be-t-00.04-agv-01.csv: Jorat-Mézières, possible locations: Mézières VD, Ferlens VD, Carrouge VD"
UNIQUE,2525,Kriegstetten,
UNIQUE,4123,Windisch,
SAME_NAME,872,Kirchdorf BE,
UNIQUE,353,Bremgarten b. Bern,
UNIQUE,1084,Eich,
UNIQUE,943,Uebeschi,
UNIQUE,2550,Langendorf,
UNIQUE,4177,Sisseln AG,
UNIQUE,2145,Le Pâquier-Montbarry,
SAME_NAME,6158,Vionnaz,
UNIQUE,5219,Rovio,
UNIQUE,5720,Givrins,
PLACE_OF_ORIGIN_NAME,2455,Lüterkofen,
UNIQUE,5492,Montricher,
PLACE_OF_ORIGIN_NAME,2174,Avry-sur-Matran,
PLACE_OF_ORIGIN_NAME,5804,Villars-Tiercelin,
UNIQUE,41,Truttikon,
UNIQUE,586,Lütschental,
PLACE_OF_ORIGIN_NAME,2235,Cormagens,
SAME_NAME,6413,Rochefort,
UNIQUE,5853,Bursins,
UNIQUE,4210,Staufen,
UNIQUE,2547,Günsberg,
SAME_NAME,6035,Sembrancher,
PLACE_OF_ORIGIN_NAME,5410,Le Sépey,
UNIQUE,2501,Winznau,
PLACE_OF_ORIGIN_ID,1022,Altwis,
UNIQUE,1131,Grossdietwil,
UNIQUE,5885,Jongny,
UNIQUE,4068,Hägglingen,
UNIQUE,6605,La Croix-de-Rozon,
UNIQUE,434,Courtelary,
UNIQUE,99,Schöfflisdorf,
SAME_NAME,2025,Lully FR,
SAME_NAME,312,Seedorf BE,
UNIQUE,667,Laupen BE,
UNIQUE,2293,Düdingen,
SAME_NAME,1508,Oberdorf NW,
UNIQUE,219,Elsau,
SAME_NAME,1089,Knutwil,
PLACE_OF_ORIGIN_NAME,726,Prêles,
UNIQUE,2149,La Roche FR,
UNIQUE,3882,Küblis,
UNIQUE,4002,Biberstein,
PLACE_OF_ORIGIN_NAME,100,Stadel b. Niederglatt,
SAME_NAME,619,Oberdiessbach,
UNIQUE,863,Burgistein,
SAME_NAME,3394,Mosnang,
UNIQUE,3005,Stein AR,
UNIQUE,5632,Denges,
UNIQUE,5654,Vullierens,
UNIQUE,5412,Rennaz,
UNIQUE,2789,Nenzlingen,
UNIQUE,6629,Meinier,
SAME_NAME,23,Berg am Irchel,
UNIQUE,5609,Rivaz,
UNIQUE,5503,Vufflens-la-Ville,
UNIQUE,5639,Lully VD,
UNIQUE,6294,Staldenried,
UNIQUE,6198,Niedergesteln,
UNIQUE,6101,Agarn,
UNIQUE,6293,Stalden VS,
UNIQUE,6298,Visperterminen,
UNIQUE,6289,Saas-Balen,
UNIQUE,6177,Grengiols,
UNIQUE,941,Thierachern,
PLACE_OF_ORIGIN_NAME,6292,St. Niklaus VS,
PLACE_OF_ORIGIN_NAME,5406,Morcles,
UNIQUE,6191,Ausserberg,
PLACE_OF_ORIGIN_NAME,6118,Gampel,
UNIQUE,3951,Fläsch,
UNIQUE,6281,Baltschieder,
SAME_NAME,6008,Ried-Brig,
SAME_NAME,564,Kandergrund,
UNIQUE,2403,Kestenholz,
UNIQUE,6113,Salgesch,
UNIQUE,6285,Grächen,
UNIQUE,6117,Guttet-Feschel,
PLACE_OF_ORIGIN_NAME,6119,Turtmann,
PLACE_OF_ORIGIN_NAME,6204,Steg VS,
UNIQUE,6286,Lalden,
UNIQUE,2472,Büren SO,
UNIQUE,2931,Bargen SH,
PLACE_OF_ORIGIN_ID,6241,Miège,
UNIQUE,6004,Eggerberg,
UNIQUE,6291,Saas-Grund,
UNIQUE,6193,Bürchen,
UNIQUE,4226,Besenbüren,
SAME_NAME,612,Konolfingen,
UNIQUE,886,Wattenwil,
UNIQUE,4826,Mammern,
PLACE_OF_ORIGIN_NAME,5464,Bellerive VD,
SAME_NAME,180,Weisslingen,
UNIQUE,6151,Champéry,
UNIQUE,5633,Echandens,
UNIQUE,5186,Grancia,
SAME_NAME,5486,L'Isle,
PLACE_OF_ORIGIN_NAME,2574,Eppenberg,
UNIQUE,4049,Ehrendingen,
UNIQUE,5427,Féchy,
PLACE_OF_ORIGIN_NAME,3837,Arvigo,
PLACE_OF_ORIGIN_ID,2189,Ependes FR,
UNIQUE,5499,Senarclens,
PLACE_OF_ORIGIN_NAME,3544,Bergün/Bravuogn,
UNIQUE,3232,Balgach,
UNIQUE,4046,Wohlenschwil,
MANUAL,3103,Appenzell Steinegg,"municipality from be-t-00.04-agv-01.csv: Rüte, possible locations: Brülisau, Weissbad, Appenzell Steinegg, Appenzell Eggerstanden"
UNIQUE,1064,Meierskappel,
UNIQUE,59,Hochfelden,
UNIQUE,4031,Künten,
PLACE_OF_ORIGIN_NAME,6809,Chevenez,
SAME_NAME,6790,Fontenais,
SAME_NAME,1367,Muotathal,
UNIQUE,4074,Oberwil-Lieli,
UNIQUE,731,Aegerten,
UNIQUE,5534,Rueyres,
SAME_NAME,332,Madiswil,
SAME_NAME,6708,Courrendlin,
SAME_NAME,5634,Echichens,
UNIQUE,5527,Morrens VD,
UNIQUE,5260,Novazzano,
UNIQUE,2153,Sorens,
PLACE_OF_ORIGIN_ID,2171,Arconciel,
PLACE_OF_ORIGIN_NAME,3673,Paspels,
SAME_NAME,2974,Wilchingen,
UNIQUE,3835,S. Vittore,
PLACE_OF_ORIGIN_NAME,2055,Cheyres,
UNIQUE,444,Sonceboz-Sombeval,
UNIQUE,5719,Gingins,
UNIQUE,2328,Granges (Veveyse),
SAME_NAME,626,Walkringen,
PLACE_OF_ORIGIN_NAME,3932,Tschiertschen,
PLACE_OF_ORIGIN_NAME,756,Twann,
UNIQUE,1137,Nebikon,
SAME_NAME,1143,Schötz,
UNIQUE,5726,La Rippe,
UNIQUE,2938,Rüdlingen,
UNIQUE,5073,Giornico,
SAME_NAME,852,Guggisberg,
UNIQUE,782,Guttannen,
UNIQUE,607,Freimettigen,
UNIQUE,302,Bargen BE,
UNIQUE,6453,Enges,
UNIQUE,936,Pohlern,
SAME_NAME,432,Cormoret,
UNIQUE,24,Buch am Irchel,
UNIQUE,663,Frauenkappelen,
PLACE_OF_ORIGIN_NAME,783,Hasliberg Hohfluh,
SAME_NAME,1032,Hohenrain,
UNIQUE,2551,Lommiswil,
UNIQUE,5702,Arzier-Le Muids,
SAME_NAME,3921,Arosa,
UNIQUE,4230,Buttwil,
PLACE_OF_ORIGIN_NAME,2050,Aumont,
UNIQUE,2404,Neuendorf,
UNIQUE,6452,Cressier NE,
SAME_NAME,1213,Schattdorf,
SAME_NAME,433,Cortébert,
SAME_NAME,5061,Airolo,
UNIQUE,585,Leissigen,
UNIQUE,1403,Giswil,
UNIQUE,736,Hagneck,
UNIQUE,4195,Egliswil,
UNIQUE,2308,Ueberstorf,
UNIQUE,502,Vinelz,
SAME_NAME,3295,Quarten,
UNIQUE,2783,Burg im Leimental,
SAME_NAME,1123,Altishofen,
SAME_NAME,2788,Liesberg,
SAME_NAME,1128,Ettiswil,
SAME_NAME,1405,Lungern,
SAME_NAME,4279,Murgenthal,
UNIQUE,25,Dachsen,
UNIQUE,1083,Buttisholz,
SAME_NAME,3734,Trin,
UNIQUE,4166,Herznach,
UNIQUE,2226,Treyvaux,
UNIQUE,628,Zäziwil,
PLACE_OF_ORIGIN_NAME,717,Malleray,
SAME_NAME,6089,Vex,
UNIQUE,4100,Hausen AG,
UNIQUE,3831,Cama,
UNIQUE,5176,Comano,
UNIQUE,4263,Zeiningen,
UNIQUE,3422,Niederbüren,
UNIQUE,1371,Sattel,
SAME_NAME,4234,Merenschwand,
UNIQUE,4238,Rottenschwil,
UNIQUE,6721,Rossemaison,
PLACE_OF_ORIGIN_ID,4096,Effingen,
UNIQUE,4192,Boniswil,
SAME_NAME,1375,Unteriberg,
UNIQUE,3252,Eichberg,
UNIQUE,5704,Begnins,
UNIQUE,4446,Sommeri,
UNIQUE,6267,Veysonnaz,
UNIQUE,2294,Giffers,
PLACE_OF_ORIGIN_NAME,2121,Lessoc,
UNIQUE,3316,Weesen,
UNIQUE,6782,Cornol,
PLACE_OF_ORIGIN_NAME,6076,Oberwald,
UNIQUE,4277,Moosleerau,
UNIQUE,5792,Montpreveyres,
SAME_NAME,3661,Cazis,
UNIQUE,2785,Duggingen,
SAME_NAME,372,Evilard,
UNIQUE,2265,Kerzers,
UNIQUE,411,Kernenried,
UNIQUE,630,Allmendingen b. Bern,
UNIQUE,2791,Röschenz,
UNIQUE,5225,Sorengo,
SAME_NAME,3822,Mesocco,
UNIQUE,5553,Champagne,
SAME_NAME,3834,Roveredo GR,
UNIQUE,5009,Isone,
UNIQUE,5742,Agiez,
PLACE_OF_ORIGIN_ID,5513,Bioley-Orjulaz,
UNIQUE,4067,Fischbach-Göslikon,
UNIQUE,2257,Cressier FR,
UNIQUE,5827,Trey,
UNIQUE,6116,Varen,
UNIQUE,3821,Lostallo,
UNIQUE,2307,Tentlingen,
PLACE_OF_ORIGIN_ID,2259,Galmiz,
UNIQUE,1202,Andermatt,
UNIQUE,2336,Semsales,
SAME_NAME,438,Orvin,
UNIQUE,3218,Tübach,
SAME_NAME,2102,Ursy,
UNIQUE,498,Müntschemier,
UNIQUE,2843,Buckten,
UNIQUE,5162,Cadempino,
UNIQUE,88,Neerach,
UNIQUE,6785,Courtedoux,
UNIQUE,5539,Vuarrens,
PLACE_OF_ORIGIN_NAME,1039,Römerswil LU,
UNIQUE,5610,St-Saphorin (Lavaux),
MANUAL,2029,Cousset,"municipality from be-t-00.04-agv-01.csv: Montagny (FR), possible locations: Mannens, Cousset, Montagny-les-Monts, Grandsivaz, Montagny-la-Ville"
PLACE_OF_ORIGIN_NAME,2114,Villargiroud,
UNIQUE,5766,Vuiteboeuf,
UNIQUE,98,Schleinikon,
UNIQUE,2016,Fétigny,
PLACE_OF_ORIGIN_ID,2302,St. Antoni,
UNIQUE,2155,Vaulruz,
UNIQUE,5755,Lignerolle,
UNIQUE,5714,Crassier,
UNIQUE,5705,Bogis-Bossey,
UNIQUE,4237,Oberrüti,
SAME_NAME,4229,Bünzen,
SAME_NAME,6,Kappel am Albis,
UNIQUE,2867,Wittinsburg,
UNIQUE,333,Melchnau,
UNIQUE,2889,Lauwil,
UNIQUE,3637,Rothenbrunnen,
UNIQUE,1347,Tuggen,
UNIQUE,2848,Hemmiken,
UNIQUE,2611,Bärschwil,
SAME_NAME,2511,Aeschi SO,
UNIQUE,7,Knonau,
PLACE_OF_ORIGIN_NAME,2478,Nuglar,
UNIQUE,2516,Deitingen,
UNIQUE,4223,Auw,
UNIQUE,4138,Leutwil,
UNIQUE,2475,Hochwald,
PLACE_OF_ORIGIN_NAME,4621,Warth,
UNIQUE,4257,Olsberg,
SAME_NAME,4701,Wäldi,
UNIQUE,2303,St. Silvester,
UNIQUE,4197,Hallwil,
UNIQUE,4311,Leibstadt,
UNIQUE,2863,Tenniken,
UNIQUE,4320,Tegerfelden,
SAME_NAME,4811,Herdern,
UNIQUE,2847,Häfelfingen,
UNIQUE,68,Rorbas,
UNIQUE,4172,Münchwilen AG,
UNIQUE,1037,Rain,
UNIQUE,1100,Schlierbach,
UNIQUE,2833,Seltisberg,
UNIQUE,1021,Aesch LU,
UNIQUE,2865,Wenslingen,
UNIQUE,94,Otelfingen,
UNIQUE,341,Schwarzhäusern,
UNIQUE,3712,Zillis,
UNIQUE,3721,Bonaduz,
UNIQUE,3025,Trogen,
UNIQUE,5653,Vufflens-le-Château,
MANUAL,6087,St-Martin VS,"municipality from be-t-00.04-agv-01.csv: Saint-Martin (VS), possible locations: Suen (St-Martin), Liez (St-Martin), Trogne (St-Martin), St-Martin VS, Eison (St-Martin)"
UNIQUE,5561,Grandson,
MANUAL,888,Zimmerwald,"municipality from be-t-00.04-agv-01.csv: Wald (BE), possible locations: Zimmerwald, Englisberg"
UNIQUE,4310,Koblenz,
UNIQUE,5251,Coldrerio,
SAME_NAME,2183,Corminboeuf,
UNIQUE,331,Lotzwil,
UNIQUE,4227,Bettwil,
UNIQUE,2821,Arisdorf,
UNIQUE,2894,Titterten,
SAME_NAME,2262,Gurmels,
UNIQUE,5108,Gordola,
UNIQUE,2953,Siblingen,
UNIQUE,3006,Urnäsch,
SAME_NAME,951,Affoltern im Emmental,
UNIQUE,2556,Selzach,
UNIQUE,5715,Duillier,
PLACE_OF_ORIGIN_NAME,5324,Gordevio,
UNIQUE,5199,Mezzovico,
UNIQUE,5194,Manno,
SAME_NAME,4951,Wigoltingen,
UNIQUE,5187,Gravesano,
UNIQUE,5636,Etoy,
PLACE_OF_ORIGIN_NAME,2476,Flüh,
UNIQUE,615,Mirchel,
UNIQUE,5533,Poliez-Pittet,
SAME_NAME,3945,Trimmis,
UNIQUE,4656,Güttingen,
SAME_NAME,3961,Grüsch,
UNIQUE,4176,Schwaderloch,
UNIQUE,3954,Malans GR,
UNIQUE,403,Bäriswil BE,
PLACE_OF_ORIGIN_NAME,2284,Lugnorre,
UNIQUE,4881,Amlikon-Bissegg,
UNIQUE,4641,Altnau,
UNIQUE,561,Adelboden,
UNIQUE,5748,Bretonnières,
PLACE_OF_ORIGIN_NAME,5138,Cugnasco,
PLACE_OF_ORIGIN_NAME,5693,Thierrens,
SAME_NAME,4284,Staffelbach,
UNIQUE,5931,Treycovagnes,
UNIQUE,37,Ossingen,
UNIQUE,2035,Nuvilly,
UNIQUE,748,Schwadernau,
UNIQUE,2292,Brünisried,
UNIQUE,1365,Lauerz,
SAME_NAME,1150,Zell LU,
SAME_NAME,1002,Entlebuch,
SAME_NAME,1139,Pfaffnau,
UNIQUE,1026,Eschenbach LU,
SAME_NAME,973,Bettenhausen,
UNIQUE,1099,Schenkon,
UNIQUE,4262,Wegenstetten,
UNIQUE,215,Dättlikon,
PLACE_OF_ORIGIN_ID,1130,Gettnau,
SAME_NAME,1216,Silenen,
UNIQUE,4022,Bellikon,
UNIQUE,3311,Amden,
UNIQUE,4122,Villnachern,
UNIQUE,6706,Courchapoix,
SAME_NAME,907,Signau,
UNIQUE,4142,Schlossrued,
UNIQUE,4286,Uerkheim,
UNIQUE,1132,Hergiswil b. Willisau,
UNIQUE,4039,Remetschwil,
UNIQUE,1056,Greppen,
UNIQUE,4256,Obermumpf,
UNIQUE,2296,Heitenried,
SAME_NAME,1135,Luthern,
SAME_NAME,4646,Ermatingen,
SAME_NAME,4941,Märstetten,
UNIQUE,2842,Böckten,
UNIQUE,345,Wynau,
UNIQUE,1121,Alberswil,
UNIQUE,65,Oberembrach,
SAME_NAME,182,Wildberg,
UNIQUE,6743,Les Breuleux,
SAME_NAME,214,Dägerlen,
UNIQUE,1203,Attinghausen,
UNIQUE,1142,Roggliswil,
SAME_NAME,988,Seeberg,
SAME_NAME,4143,Schmiedrued,
UNIQUE,1363,Illgau,
UNIQUE,493,Finsterhennen,
UNIQUE,3219,Untereggen,
UNIQUE,5645,Romanel-sur-Morges,
PLACE_OF_ORIGIN_ID,4094,Bözen,
UNIQUE,324,Bleienbach,
UNIQUE,1001,Doppleschwand,
UNIQUE,1005,Hasle LU,
UNIQUE,2866,Wintersingen,
UNIQUE,2578,Gunzgen,
UNIQUE,732,Bellmund,
SAME_NAME,1,Aeugst am Albis,
UNIQUE,3021,Bühler,
UNIQUE,1368,Oberiberg,
UNIQUE,2301,Rechthalten,
UNIQUE,5722,Grens,
UNIQUE,5706,Borex,
UNIQUE,5709,Chéserex,
UNIQUE,924,Eriz,
SAME_NAME,3111,Oberegg,
SAME_NAME,5882,Chardonne,
UNIQUE,5121,Orselina,
UNIQUE,980,Inkwil,
UNIQUE,6511,Les Verrières,
SAME_NAME,2554,Riedholz,
PLACE_OF_ORIGIN_NAME,3752,Samnaun Dorf,
PLACE_OF_ORIGIN_NAME,5399,Gerra (Verzasca),
UNIQUE,5559,Giez,
UNIQUE,2793,Zwingen,
UNIQUE,21,Adlikon b. Andelfingen,
SAME_NAME,4590,Hüttlingen,
UNIQUE,2474,Gempen,
SAME_NAME,4921,Bussnang,
SAME_NAME,6751,Montfaucon,
PLACE_OF_ORIGIN_NAME,4511,Zihlschlacht,
SAME_NAME,6750,Lajoux JU,
UNIQUE,5680,Ogens,
UNIQUE,3002,Hundwil,
PLACE_OF_ORIGIN_NAME,6807,Courtemaîche,
UNIQUE,2426,Laupersdorf,
UNIQUE,2480,Seewen SO,
UNIQUE,5731,Le Vaud,
UNIQUE,2427,Matzendorf,
PLACE_OF_ORIGIN_NAME,3972,Seewis Dorf,
UNIQUE,4175,Oeschgen,
UNIQUE,2575,Fulenbach,
UNIQUE,326,Gondiswil,
UNIQUE,2425,Holderbank SO,
UNIQUE,3003,Schönengrund,
UNIQUE,4117,Thalheim AG,
UNIQUE,6703,Bourrignon,
UNIQUE,2784,Dittingen,
PLACE_OF_ORIGIN_NAME,4536,Basadingen,
UNIQUE,6754,Le Noirmont,
UNIQUE,2266,Kleinbösingen,
UNIQUE,2022,Gletterens,
UNIQUE,226,Schlatt ZH,
UNIQUE,6635,Presinge,
UNIQUE,4064,Büttikon AG,
UNIQUE,3004,Schwellbrunn,
UNIQUE,2424,Herbetswil,
UNIQUE,3791,Zuoz,
SAME_NAME,3212,Eggersriet,
UNIQUE,2888,Langenbruck,
UNIQUE,4806,Eschenz,
UNIQUE,5207,Novaggio,
UNIQUE,3572,Falera,
UNIQUE,2841,Anwil,
UNIQUE,6109,Inden,
UNIQUE,393,Rüti b. Büren,
PLACE_OF_ORIGIN_ID,416,Mötschwil,
UNIQUE,4259,Schupfart,
SAME_NAME,6757,Saignelégier,
UNIQUE,2616,Fehren,
UNIQUE,4111,Riniken,
UNIQUE,5537,Villars-le-Terroir,
SAME_NAME,303,Grossaffoltern,
UNIQUE,4135,Gontenschwil,
UNIQUE,4264,Zuzgen,
UNIQUE,4028,Freienwil,
UNIQUE,869,Kaufdorf,
UNIQUE,386,Dotzigen,
UNIQUE,2544,Feldbrunnen,
UNIQUE,746,Safnern,
PLACE_OF_ORIGIN_NAME,4601,Niederneunforn,
UNIQUE,975,Farnern,
UNIQUE,2300,Plasselb,
SAME_NAME,956,Rüegsau,
UNIQUE,2615,Erschwil,
UNIQUE,947,Zwieselberg,
PLACE_OF_ORIGIN_NAME,3618,Vella,
UNIQUE,3723,Rhäzüns,
PLACE_OF_ORIGIN_ID,4097,Elfingen,
UNIQUE,2772,Pfeffingen,
UNIQUE,5489,Mex VD,
SAME_NAME,985,Ochlenberg,
UNIQUE,2620,Meltingen,
UNIQUE,982,Niederönz,
SAME_NAME,6719,Pleigne,
UNIQUE,2527,Luterbach,
SAME_NAME,4891,Berg TG,
UNIQUE,6704,Châtillon JU,
UNIQUE,4426,Kesswil,
PLACE_OF_ORIGIN_ID,334,Obersteckholz,
SAME_NAME,3201,Häggenschwil,
UNIQUE,690,Court,
UNIQUE,734,Bühl b. Aarberg,
UNIQUE,987,Rumisberg,
UNIQUE,2261,Greng,
SAME_NAME,5181,Curio,
SAME_NAME,3987,Trun,
SAME_NAME,3102,Gonten,
UNIQUE,2502,Wisen SO,
UNIQUE,390,Meinisberg,
PLACE_OF_ORIGIN_ID,2429,Welschenrohr,
PLACE_OF_ORIGIN_NAME,6808,St-Ursanne,
UNIQUE,976,Graben,
UNIQUE,2529,Oekingen,
UNIQUE,4756,Schönholzerswilen,
UNIQUE,382,Büetigen,
UNIQUE,6722,Saulcy,
UNIQUE,5565,Onnens VD,
UNIQUE,6610,Céligny,
PLACE_OF_ORIGIN_NAME,5237,Arosio,
UNIQUE,2621,Nunningen,
UNIQUE,3946,Untervaz,
UNIQUE,2786,Grellingen,
UNIQUE,5096,Brione sopra Minusio,
UNIQUE,2933,Buchberg,
UNIQUE,2177,Chénens,
UNIQUE,6718,Movelier,
UNIQUE,6025,Vétroz,
UNIQUE,4110,Remigen,
UNIQUE,4288,Wiliberg,
UNIQUE,4183,Zeihen,
SAME_NAME,2553,Oberdorf SO,
UNIQUE,4181,Wittnau,
UNIQUE,4091,Auenstein,
UNIQUE,2952,Schleitheim,
UNIQUE,4222,Aristau,
UNIQUE,4134,Dürrenäsch,
UNIQUE,5195,Maroggia,
PLACE_OF_ORIGIN_ID,5222,Sessa,
UNIQUE,5263,Riva San Vitale,
UNIQUE,691,Crémines,
PLACE_OF_ORIGIN_NAME,3789,Sils/Segl Maria,
SAME_NAME,5079,Quinto,
UNIQUE,5154,Bissone,
UNIQUE,3211,Berg SG,
UNIQUE,5531,Penthéréaz,
PLACE_OF_ORIGIN_NAME,3983,Curaglia,
SAME_NAME,2138,Jaun,
UNIQUE,2520,Halten,
SAME_NAME,409,Hindelbank,
UNIQUE,2545,Flumenthal,
UNIQUE,6742,Les Bois,
SAME_NAME,407,Heimiswil,
UNIQUE,6052,Bellwald,
PLACE_OF_ORIGIN_NAME,5541,Goumoens-la-Ville,
UNIQUE,971,Attiswil,
UNIQUE,5479,Cuarnens,
UNIQUE,1361,Alpthal,
UNIQUE,5480,Daillens,
UNIQUE,953,Eriswil,
UNIQUE,681,Belprahon,
PLACE_OF_ORIGIN_NAME,6810,Miécourt,
UNIQUE,5143,Aranno,
UNIQUE,747,Scheuren,
SAME_NAME,4681,Langrickenbach,
UNIQUE,2173,Autigny,
UNIQUE,391,Oberwil b. Büren,
UNIQUE,5857,Gilly,
UNIQUE,218,Ellikon an der Thur,
UNIQUE,4306,Fisibach,
SAME_NAME,4791,Wuppenau,
SAME_NAME,662,Ferenbalm,
UNIQUE,5522,Fey,
UNIQUE,877,Niedermuhlern,
UNIQUE,2514,Bolken,
UNIQUE,5212,Ponte Capriasca,
MANUAL,2233,Posieux,"municipality from be-t-00.04-agv-01.csv: Hauterive (FR), possible locations: Ecuvillens, Posieux"
PLACE_OF_ORIGIN_ID,5213,Ponte Tresa,
UNIQUE,5710,Coinsins,
UNIQUE,565,Kandersteg,
UNIQUE,6134,Isérables,
UNIQUE,666,Kriechenwil,
SAME_NAME,3981,Breil/Brigels,
SAME_NAME,4726,Fischingen,
UNIQUE,5813,Chevroux,
PLACE_OF_ORIGIN_NAME,3847,Müstair,
SAME_NAME,3863,Jenaz,
SAME_NAME,3551,Brusio,
UNIQUE,3952,Jenins,
UNIQUE,5637,Lavigny,
SAME_NAME,6157,Val-d'Illiez,
UNIQUE,4041,Stetten AG,
SAME_NAME,4611,Thundorf,
PLACE_OF_ORIGIN_NAME,841,Gsteig b. Gstaad,
UNIQUE,842,Lauenen b. Gstaad,
UNIQUE,620,Oberthal,
UNIQUE,5902,Belmont-sur-Yverdon,
UNIQUE,5521,Etagnières,
UNIQUE,415,Lyssach,
SAME_NAME,5072,Faido,
UNIQUE,6102,Albinen,
UNIQUE,5903,Bioley-Magnoux,
UNIQUE,5405,Gryon,
UNIQUE,2323,Bossonnens,
PLACE_OF_ORIGIN_NAME,4721,Bichelsee,
UNIQUE,5707,Chavannes-de-Bogis,
PLACE_OF_ORIGIN_ID,4302,Böbikon,
UNIQUE,381,Arch,
UNIQUE,3810,Sta. Maria in Calanca,
UNIQUE,2862,Tecknau,
UNIQUE,216,Dinhard,
UNIQUE,5415,Yvorne,
SAME_NAME,424,Wynigen,
SAME_NAME,2087,Mézières FR,
PLACE_OF_ORIGIN_NAME,449,Vauffelin,
PLACE_OF_ORIGIN_ID,5494,Pampigny,
SAME_NAME,957,Sumiswald,
UNIQUE,3253,Marbach SG,
PLACE_OF_ORIGIN_ID,6431,Les Brenets,
UNIQUE,5673,Hermenches,
UNIQUE,5208,Origlio,
PLACE_OF_ORIGIN_NAME,5411,Vers-l'Eglise,
PLACE_OF_ORIGIN_NAME,4184,Wil AG,
PLACE_OF_ORIGIN_NAME,2234,Lentigny,
UNIQUE,5560,Grandevent,
PLACE_OF_ORIGIN_NAME,2162,Enney,
UNIQUE,6624,Gy,
SAME_NAME,3294,Pfäfers,
UNIQUE,2951,Beggingen,
UNIQUE,4651,Gottlieben,
UNIQUE,2972,Oberhallau,
UNIQUE,4147,Zetzwil,
UNIQUE,2853,Maisprach,
UNIQUE,401,Aefligen,
UNIQUE,32,Humlikon,
SAME_NAME,567,Reichenbach im Kandertal,
UNIQUE,43,Volken,
UNIQUE,750,Sutz,
UNIQUE,2618,Himmelried,
UNIQUE,6423,La Sagne NE,
SAME_NAME,5144,Arogno,
UNIQUE,2278,Ulmiz,
SAME_NAME,2217,Ponthaux,
PLACE_OF_ORIGIN_NAME,955,Lützelflüh-Goldbach,
UNIQUE,5819,Henniez,
UNIQUE,554,Wiler b. Utzenstorf,
UNIQUE,711,Sorvilier,
PLACE_OF_ORIGIN_NAME,2276,Ried b. Kerzers,
UNIQUE,868,Jaberg,
UNIQUE,543,Mattstetten,
UNIQUE,2008,Châtillon FR,
UNIQUE,2043,Sévaz,
SAME_NAME,905,Rüderswil,
UNIQUE,4273,Bottenwil,
SAME_NAME,880,Rüeggisberg,
UNIQUE,2258,Fräschels,
UNIQUE,2491,Hauenstein,
UNIQUE,3031,Grub AR,
UNIQUE,2492,Kienberg,
UNIQUE,2790,Roggenburg,
UNIQUE,3640,Sils im Domleschg,
UNIQUE,2274,Muntelier,
PLACE_OF_ORIGIN_ID,2260,Gempenach,
UNIQUE,394,Wengi b. Büren,
UNIQUE,993,Wangenried,
UNIQUE,740,Ligerz,
UNIQUE,2528,Obergerlafingen,
UNIQUE,2585,Walterswil SO,
UNIQUE,5403,Chessel,
UNIQUE,413,Koppigen,
PLACE_OF_ORIGIN_NAME,309,Radelfingen b. Aarberg,
UNIQUE,491,Brüttelen,
UNIQUE,614,Linden,
UNIQUE,2186,Cottens FR,
UNIQUE,5515,Bretigny-sur-Morrens,
UNIQUE,402,Alchenstorf,
SAME_NAME,977,Heimenhausen,
UNIQUE,2461,Schnottwil,
UNIQUE,671,Wileroltigen,
SAME_NAME,2011,Cugy FR,
SAME_NAME,908,Trub,
SAME_NAME,5097,Brissago,
UNIQUE,2855,Oltingen,
SAME_NAME,2123,Botterens,
SAME_NAME,5842,Rossinière,
PLACE_OF_ORIGIN_ID,5432,Montherod,
UNIQUE,2194,Ferpicloz,
UNIQUE,923,Heimenschwand,
PLACE_OF_ORIGIN_NAME,4616,Uesslingen,
UNIQUE,500,Treiten,
PLACE_OF_ORIGIN_NAME,948,Längenbühl,
UNIQUE,867,Gurzelen,
UNIQUE,610,Herbligen,
UNIQUE,925,Fahrni b. Thun,
SAME_NAME,571,Beatenberg,
UNIQUE,2421,Aedermannsdorf,
UNIQUE,617,Niederhünigen,
SAME_NAME,959,Walterswil BE,
UNIQUE,921,Amsoldingen,
UNIQUE,499,Siselen BE,
UNIQUE,927,Heiligenschwendi,
UNIQUE,989,Thörigen,
UNIQUE,629,Oberhünigen,
UNIQUE,357,Oberbalm,
UNIQUE,2131,Echarlens,
UNIQUE,556,Zielebach,
UNIQUE,2887,Lampenberg,
UNIQUE,2619,Kleinlützel,
UNIQUE,408,Hellsau,
UNIQUE,5431,Mollens VD,
SAME_NAME,903,Lauperswil,
UNIQUE,991,Walliswil b. Wangen,
UNIQUE,5631,Denens,
UNIQUE,541,Iffwil,
UNIQUE,2827,Hersberg,
UNIQUE,323,Bannwil,
UNIQUE,2548,Hubersdorf,
SAME_NAME,613,Landiswil,
UNIQUE,2781,Blauen,
UNIQUE,5752,Croy,
UNIQUE,5803,Vulliens,
SAME_NAME,3035,Reute AR,
UNIQUE,5745,Baulmes,
UNIQUE,737,Hermrigen,
UNIQUE,990,Walliswil b. Niederbipp,
UNIQUE,692,Eschert,
UNIQUE,2271,Meyriez,
UNIQUE,442,Romont BE,
UNIQUE,81,Bachs,
UNIQUE,5761,Romainmôtier,
UNIQUE,2864,Thürnen,
SAME_NAME,5830,Villarzel,
UNIQUE,606,Brenzikofen,
UNIQUE,423,Willadingen,
UNIQUE,2881,Arboldswil,
UNIQUE,5436,St-Oyens,
UNIQUE,687,Corcelles BE,
UNIQUE,22,Benken ZH,
UNIQUE,344,Ursenbach,
UNIQUE,5435,St-Livres,
PLACE_OF_ORIGIN_NAME,2051,Delley,
UNIQUE,5424,Berolle,
UNIQUE,4221,Abtwil AG,
UNIQUE,2147,Pont-la-Ville,
MANUAL,2335,St-Martin FR,"municipality from be-t-00.04-agv-01.csv: Saint-Martin (FR), possible locations: Fiaugères, Besencens, St-Martin FR"
UNIQUE,5473,Boussens,
PLACE_OF_ORIGIN_NAME,853,Rüschegg Heubach,
PLACE_OF_ORIGIN_ID,2225,Senèdes,
UNIQUE,5487,Lussery-Villars,
UNIQUE,5423,Ballens,
UNIQUE,2134,Grandvillard,
UNIQUE,5669,Curtilles,
UNIQUE,5529,Oulens-sous-Echallens,
SAME_NAME,6753,Muriaux,
UNIQUE,2072,Ecublens FR,
UNIQUE,5683,Prévonloup,
SAME_NAME,5078,Prato (Leventina),
SAME_NAME,2129,Corbières,
UNIQUE,696,Loveresse,
UNIQUE,5430,Marchissy,
SAME_NAME,958,Trachselwald,
UNIQUE,2068,Châtonnaye,
SAME_NAME,3603,Vals,
SAME_NAME,6283,Embd,
UNIQUE,6239,Icogne,
SAME_NAME,6432,La Brévine,
PLACE_OF_ORIGIN_NAME,2063,Billens,
UNIQUE,5671,Dompierre VD,
UNIQUE,2086,Massonnens,
UNIQUE,5933,Valeyres-sous-Montagny,
UNIQUE,6774,Boncourt,
UNIQUE,2333,Remaufens,
SAME_NAME,6437,Les Ponts-de-Martel,
PLACE_OF_ORIGIN_NAME,2115,Torny-le-Grand,
UNIQUE,2143,Morlon,
UNIQUE,2137,Hauteville,
UNIQUE,2061,Auboranges,
UNIQUE,6434,Le Cerneux-Péquignot,
UNIQUE,4314,Mellikon,
UNIQUE,2612,Beinwil SO,
PLACE_OF_ORIGIN_ID,661,Clavaleyres,
UNIQUE,4232,Geltwil,
UNIQUE,906,Schangnau,
SAME_NAME,706,Saicourt,
UNIQUE,2850,Känerkinden,
UNIQUE,5760,Rances,
UNIQUE,6201,Unterbäch VS,
PLACE_OF_ORIGIN_ID,935,Schwarzenegg,"AW: Schwarzenegg liegt in der Gemeinde Unterlangenegg, jedoch ist Schwarzenegg mit Oberlangenegg zusammengebaut (siehe Google Maps). Deswegen habe ich die Nachbargemeinde Schwarzenegg eingetragen"
UNIQUE,4112,Rüfenach AG,
UNIQUE,904,Röthenbach im Emmental,
UNIQUE,6778,Bure,
UNIQUE,2859,Rümlingen,
UNIQUE,5911,Cuarny,
UNIQUE,5429,Longirod,
UNIQUE,431,Corgémont,
PLACE_OF_ORIGIN_ID,5421,Apples,
UNIQUE,6504,La Côte-aux-Fées,
UNIQUE,5785,Corcelles-le-Jorat,
UNIQUE,5493,Orny,
UNIQUE,2915,Dörflingen,
UNIQUE,866,Gerzensee,
UNIQUE,26,Dorf,
PLACE_OF_ORIGIN_NAME,6077,Münster VS,
SAME_NAME,3033,Lutzenberg,
UNIQUE,2961,Buch SH,
UNIQUE,2919,Stetten SH,
UNIQUE,579,Habkern,
PLACE_OF_ORIGIN_ID,4301,Baldingen,
UNIQUE,2845,Diepflingen,
SAME_NAME,2044,Surpierre,
UNIQUE,3662,Flerden,
UNIQUE,1145,Ufhusen,
UNIQUE,4716,Bettwiesen,
UNIQUE,6220,Vérossaz,
UNIQUE,2571,Boningen,
UNIQUE,2868,Zeglingen,
UNIQUE,5112,Riazzino,
UNIQUE,2857,Rickenbach BL,
UNIQUE,335,Oeschenbach,
UNIQUE,4077,Tägerig,
UNIQUE,5924,Orges,
UNIQUE,5937,Vugelles-La Mothe,
UNIQUE,4137,Leimbach AG,
UNIQUE,701,Perrefitte,
UNIQUE,6789,Fahy,
UNIQUE,211,Altikon,
UNIQUE,2851,Kilchberg BL,
UNIQUE,5476,Chevilly,
UNIQUE,683,Champoz,
UNIQUE,4235,Mühlau,
UNIQUE,960,Wyssachen,
UNIQUE,422,Rüti b. Lyssach,
UNIQUE,4124,Bözberg,
UNIQUE,665,Gurbrü,
UNIQUE,5652,Villars-sous-Yens,
UNIQUE,5230,Vernate,
UNIQUE,6192,Blatten (Lötschen),
UNIQUE,322,Auswil,
UNIQUE,2230,Villarsel-sur-Marly,
PLACE_OF_ORIGIN_NAME,932,Horrenbach,
PLACE_OF_ORIGIN_NAME,770,Höfen b. Thun,
PLACE_OF_ORIGIN_ID,4316,Rietheim,
UNIQUE,2901,Gächlingen,
SAME_NAME,1147,Wikon,
PLACE_OF_ORIGIN_NAME,2152,Sâles (Gruyère),
UNIQUE,340,Rütschelen,
PLACE_OF_ORIGIN_NAME,6090,Nax,
UNIQUE,669,Münchenwiler,
UNIQUE,5817,Grandcour,
SAME_NAME,40,Trüllikon,
UNIQUE,6637,Russin,
PLACE_OF_ORIGIN_ID,5625,Bussy-Chardonney,
SAME_NAME,6748,Les Genevez JU,
UNIQUE,5437,Saubraz,
UNIQUE,2549,Kammersrohr,
UNIQUE,4106,Mönthal,
SAME_NAME,5552,Bullet,
UNIQUE,336,Reisiswil,
UNIQUE,2884,Diegten,
UNIQUE,2463,Unterramsern,
PLACE_OF_ORIGIN_NAME,2456,Lüterswil,
UNIQUE,5758,La Praz,
UNIQUE,410,Höchstetten,
UNIQUE,5483,Ferreyres,
UNIQUE,2524,Hüniken,
UNIQUE,2854,Nusshof,
UNIQUE,5765,Vaulion,
UNIQUE,704,Roches BE,
UNIQUE,553,Wiggiswil,
UNIQUE,5759,Premier,
UNIQUE,694,Grandval,
UNIQUE,5904,Chamblon,
PLACE_OF_ORIGIN_NAME,3988,Obersaxen,
UNIQUE,6211,Collonges,
UNIQUE,5472,Bournens,
UNIQUE,5756,Montcherand,
UNIQUE,3785,La Punt Chamues-ch,
UNIQUE,5692,Vucherens,
UNIQUE,5914,Ependes VD,
UNIQUE,1208,Göschenen,
UNIQUE,5628,Chigny,
UNIQUE,5491,Mont-la-Ville,
UNIQUE,5629,Clarmont,
SAME_NAME,5905,Champvent,
SAME_NAME,5913,Donneloye,
PLACE_OF_ORIGIN_NAME,3986,Sedrun,
UNIQUE,28,Flaach,
UNIQUE,5205,Muzzano,
UNIQUE,5851,Allaman,
PLACE_OF_ORIGIN_NAME,3792,Casaccia,
SAME_NAME,5310,Cevio,
UNIQUE,3663,Masein,
SAME_NAME,5125,Ronco sopra Ascona,
PLACE_OF_ORIGIN_ID,5644,Reverolle,
PLACE_OF_ORIGIN_ID,5788,Essertes,
UNIQUE,5798,Ropraz,
UNIQUE,4846,Raperswilen,
UNIQUE,5161,Cademario,
UNIQUE,4164,Gansingen,
UNIQUE,5922,Montagny-près-Yverdon,
UNIQUE,5426,Bougy-Villars,
UNIQUE,2936,Merishausen,
UNIQUE,4319,Siglistorf,
UNIQUE,3514,Schmitten (Albula),
UNIQUE,5910,Cronay,
UNIQUE,6287,Randa,
PLACE_OF_ORIGIN_ID,2009,Cheiry,
UNIQUE,5828,Treytorrens (Payerne),
UNIQUE,5206,Neggio,
UNIQUE,5146,Astano,
UNIQUE,5930,Suscévaz,
SAME_NAME,3788,S-chanf,
UNIQUE,4801,Berlingen,
PLACE_OF_ORIGIN_ID,5178,Sessa,"Gemeinde Tresa, Ort nicht vorhanden, Kreis Sessa"
UNIQUE,2903,Löhningen,
UNIQUE,952,Dürrenroth,
UNIQUE,4093,Birrhard,
UNIQUE,2917,Lohn SH,
UNIQUE,1348,Vorderthal,
UNIQUE,5855,Dully,
UNIQUE,5200,Miglieglia,
UNIQUE,4406,Dozwil,
UNIQUE,3581,Sagogn,
UNIQUE,6194,Eischoll,
SAME_NAME,5871,L'Abbaye,
UNIQUE,6456,Lignières,
UNIQUE,5404,Corbeyrier,
PLACE_OF_ORIGIN_ID,5500,Sévery,
SAME_NAME,5149,Bedigliora,
UNIQUE,2067,Le Châtelard-près-Romont,
SAME_NAME,5160,Brusino Arsizio,
UNIQUE,5907,Chavannes-le-Chêne,
UNIQUE,2973,Trasadingen,
UNIQUE,5557,Fontaines-sur-Grandson,
UNIQUE,70,Wasterkingen,
UNIQUE,5661,Boulens,
SAME_NAME,1007,Romoos,
UNIQUE,6032,Bourg-St-Pierre,
PLACE_OF_ORIGIN_NAME,3764,Ramosch,
UNIQUE,1212,Realp,
UNIQUE,6715,Mervelier,
UNIQUE,4105,Mandach,
UNIQUE,3823,Soazza,
UNIQUE,3582,Schluein,
SAME_NAME,3985,Sumvitg,
UNIQUE,3862,Furna,
UNIQUE,3783,Madulain,
UNIQUE,2128,Châtel-sur-Montsalvens,
UNIQUE,5071,Dalpe,
SAME_NAME,1218,Spiringen,
PLACE_OF_ORIGIN_NAME,6203,Mörel,
SAME_NAME,6058,Fieschertal,
UNIQUE,6011,Gondo,
UNIQUE,6155,St-Gingolph,
UNIQUE,2962,Hemishofen,
SAME_NAME,6181,Riederalp,
UNIQUE,6172,Bister,
UNIQUE,5862,Tartegnin,
SAME_NAME,6205,Bettmeralp,
UNIQUE,4233,Kallern,
UNIQUE,6061,Lax,
UNIQUE,6759,Soubey,
PLACE_OF_ORIGIN_NAME,3672,Valendas,
PLACE_OF_ORIGIN_ID,4317,Rümikon AG,
UNIQUE,6202,Wiler (Lötschen),
UNIQUE,95,Regensberg,
UNIQUE,2038,Prévondavaux,
UNIQUE,5923,Oppens,
UNIQUE,4723,Braunau,
UNIQUE,5863,Vinzel,
MANUAL,3104,Haslen AI,"municipality from be-t-00.04-agv-01.csv: Schlatt-Haslen, possible locations: Haslen AI, Appenzell Schlatt, Appenzell Enggenhütten"
UNIQUE,3861,Fideris,
UNIQUE,5530,Pailly,
PLACE_OF_ORIGIN_NAME,3713,Ausserferrera,
UNIQUE,3638,Scharans,
SAME_NAME,6033,Liddes,
UNIQUE,5535,St-Barthélemy VD,
UNIQUE,3669,Tschappina,
UNIQUE,5481,Dizy,
UNIQUE,2445,Biezwil,
UNIQUE,2617,Grindel,
PLACE_OF_ORIGIN_ID,2423,Gänsbrunnen,
SAME_NAME,3633,Fürstenau,
PLACE_OF_ORIGIN_ID,4322,Wislikofen,
UNIQUE,6435,La Chaux-du-Milieu,
UNIQUE,5556,Fiez,
SAME_NAME,4495,Hohentannen,
UNIQUE,5551,Bonvillars,
UNIQUE,2045,Vallon,
UNIQUE,1057,Honau,
PLACE_OF_ORIGIN_NAME,1220,Wassen UR,
UNIQUE,5471,Bettens,
UNIQUE,6792,Grandfontaine,
SAME_NAME,6214,Finhaut,
UNIQUE,2885,Eptingen,
UNIQUE,4078,Uezwil,
UNIQUE,6773,Beurnevésin,
UNIQUE,6783,Courchavon,
UNIQUE,2079,Grangettes-près-Romont,
UNIQUE,5076,Personico,
UNIQUE,5690,Villars-le-Comte,
UNIQUE,5908,Chêne-Pâquier,
UNIQUE,6299,Zeneggen,
UNIQUE,6104,Ergisch,
UNIQUE,5663,Bussy-sur-Moudon,
SAME_NAME,6195,Ferden,
PLACE_OF_ORIGIN_NAME,5136,Loco,
UNIQUE,3711,Rongellen,
SAME_NAME,5307,Campo (Vallemaggia),
UNIQUE,5934,Valeyres-sous-Ursins,
SAME_NAME,3808,Rossa,
UNIQUE,5564,Novalles,
UNIQUE,5475,Chavannes-le-Veyron,
UNIQUE,3375,Oberhelfenschwil,
UNIQUE,3670,Urmein,
UNIQUE,2089,Montet (Glâne),
UNIQUE,6787,Damphreux,
UNIQUE,2914,Büttenhardt,
UNIQUE,437,Mont-Tramelan,
UNIQUE,715,Rebévelier,
UNIQUE,6296,Törbel,
UNIQUE,707,Saules BE,
UNIQUE,1211,Isenthal,
UNIQUE,6745,Les Enfers,
UNIQUE,5932,Ursins,
SAME_NAME,5063,Bedretto,
PLACE_OF_ORIGIN_NAME,2541,Balm b. Günsberg,
UNIQUE,6282,Eisten,
UNIQUE,6288,Saas-Almagell,
UNIQUE,3513,Lantsch/Lenz,
UNIQUE,3695,Sufers,
UNIQUE,325,Busswil b. Melchnau,
UNIQUE,972,Berken,
UNIQUE,6054,Binn,
UNIQUE,5490,Moiry VD,
UNIQUE,5921,Molondin,
PLACE_OF_ORIGIN_NAME,3681,Cresta (Avers),
UNIQUE,6741,Le Bémont JU,
SAME_NAME,5750,Les Clées,
UNIQUE,2027,Ménières,
UNIQUE,5747,Bofflens,
UNIQUE,609,Häutligen,
UNIQUE,5474,La Chaux (Cossonay),
UNIQUE,735,Epsach,
UNIQUE,5928,Rovray,
UNIQUE,3804,Buseno,
SAME_NAME,1209,Gurtnellen,
UNIQUE,5488,Mauraz,
UNIQUE,5665,Chavannes-sur-Moudon,
UNIQUE,5684,Rossenges,
UNIQUE,5304,Bosco/Gurin,
UNIQUE,5315,Linescio,
UNIQUE,6433,Brot-Plamboz,
UNIQUE,389,Meienried,
PLACE_OF_ORIGIN_NAME,6009,Simplon Dorf,
UNIQUE,1219,Unterschächen,
PLACE_OF_ORIGIN_ID,1204,Bauen,
UNIQUE,6758,St-Brais,
UNIQUE,5754,Juriens,
UNIQUE,5925,Orzens,
PLACE_OF_ORIGIN_ID,2498,Stüsslingen,See placeOfOriginID=2499/placeOfOriginName=Stüsslingen
UNIQUE,2066,Chapelle (Glâne),
UNIQUE,6806,Vendlincourt,
UNIQUE,6744,La Chaux-des-Breuleux,
UNIQUE,5812,Champtauroz,
UNIQUE,3881,Conters im Prättigau,
UNIQUE,5935,Villars-Epeney,
UNIQUE,6422,Les Planchettes,
UNIQUE,1343,Innerthal,
UNIQUE,6197,Kippel,
UNIQUE,5912,Démoret,
UNIQUE,6713,Ederswiler,
UNIQUE,536,Diemerswil,
UNIQUE,6112,Oberems,
UNIQUE,6793,Lugnez,
UNIQUE,591,Saxeten,
UNIQUE,6142,Trient,
UNIQUE,5563,Mutrux,
MANUAL,3705,Donat,"reportingmunicipalityId not found in be-t-00.04-agv-01.csv and not unique in eCH-0135_Code_Heimatorte.csv. Possible matches are „Donath“ (until 31.12.2002) and „Donat“, current name is „Donat“"
UNIQUE,2216,Pierrafortscha,
UNIQUE,5762,Sergey,
PLACE_OF_ORIGIN_ID,3707,Lohn GR,
UNIQUE,946,Süderen,
UNIQUE,708,Schelten,
UNIQUE,1210,Hospental,
UNIQUE,1369,Riemenstalden,
PLACE_OF_ORIGIN_ID,3708,Mathon,
UNIQUE,6716,Mettembert,
UNIQUE,709,Seehof,
UNIQUE,5309,Cerentino,
UNIQUE,940,Teuffenthal b. Thun,
UNIQUE,421,Rumendingen,
UNIQUE,535,Deisswil b. Münchenbuchsee,
UNIQUE,5674,Lovatens,
PLACE_OF_ORIGIN_ID,3703,Wergenstein,
